서울 노원구 월계동 37-11,37.6162094498813,127.065973007056
서울 노원구 월계동 68-81,37.6166610055084,127.063713181909
서울 노원구 월계동 68-47,37.6160286958601,127.062185828896
서울 노원구 월계동 68-14,37.6159131897251,127.061669697722
서울 노원구 월계동 475-4,37.6167787839983,127.059891453125
서울 노원구 월계동 447-8,37.6183935536679,127.059139285071
서울 노원구 월계동 447-2,37.6184967753206,127.059022360115
서울 노원구 월계동 472-26,37.6178314811617,127.058124186634
서울 노원구 월계동 496-32,37.619272171469,127.057365832701
서울 노원구 월계동 496-21,37.6188325700994,127.056826672635
서울 노원구 월계동 534-99,37.6232121094494,127.054101980405
서울 노원구 월계동 534-122,37.6230775804343,127.052935708602
서울 노원구 월계동 534-146,37.6232585348623,127.052248024621
서울 노원구 월계동 911-12,37.6322229235392,127.043041356937
서울 노원구 월계동 907-15,37.6320801089547,127.043310337043
서울 노원구 월계동 855-2,37.6285170570422,127.046651168542
서울 노원구 월계동 272-67,37.6322510834261,127.058067101888
서울 노원구 월계동 272-75,37.6328592639291,127.058583274102
서울 노원구 월계동 272-37,37.633240557869,127.058589691156
서울 노원구 월계동 271-19,37.6337577218708,127.058593156082
서울 노원구 월계동 271-3,37.6342225441054,127.058585477274
서울 노원구 월계동 271-9,37.6330364299464,127.057787091393
서울 노원구 공릉동 645-20,37.6198200426457,127.079866713901
서울 노원구 공릉동 645-15,37.6200036448122,127.07949470142
서울 노원구 공릉동 645-2,37.6201703714422,127.079161294762
서울 노원구 공릉동 645-22,37.6199017255603,127.079118646582
서울 노원구 공릉동 645-10,37.6197167128587,127.079580028546
서울 노원구 공릉동 684-20,37.6171675975813,127.073387166956
서울 노원구 공릉동 609-7,37.6183192084494,127.072710952824
서울 노원구 공릉동 604-1,37.6204635895665,127.072221214955
서울 노원구 공릉동 604-2,37.6204791935405,127.072340731843
서울 노원구 공릉동 597-10,37.6201540217704,127.074091931625
서울 노원구 공릉동 598-2,37.6206994044485,127.073346915407
서울 노원구 공릉동 598-31,37.6207129547458,127.073579363265
서울 노원구 공릉동 591-11,37.6209092805537,127.076829910924
서울 노원구 공릉동 591-20,37.6203930850545,127.07699849438
서울 노원구 공릉동 591-8,37.6203434258416,127.076744601436
서울 노원구 공릉동 591-3,37.621393349986,127.076739224133
서울 노원구 공릉동 593-10,37.6206632324541,127.075837054147
서울 노원구 공릉동 593-13,37.6205149742531,127.075768034238
서울 노원구 공릉동 593-24,37.6201821661098,127.076022330573
서울 노원구 공릉동 581-2,37.6214408320757,127.075481939328
서울 노원구 공릉동 587-6,37.6222098455948,127.077671179517
서울 노원구 공릉동 587-12,37.6221513933322,127.077500980591
서울 노원구 공릉동 566-1,37.6229797850424,127.07509484665
서울 노원구 공릉동 567-10,37.6228134305001,127.074434850211
서울 노원구 공릉동 569-21,37.6220552763884,127.072803624988
서울 노원구 공릉동 571-5,37.6222572710637,127.072080677314
서울 노원구 공릉동 517-5,37.623755531995,127.075522907138
서울 노원구 공릉동 517-21,37.6236797694582,127.074799218955
서울 노원구 공릉동 506-12,37.6252290266817,127.076885898766
서울 노원구 공릉동 506-1,37.6252965283892,127.076720127619
서울 노원구 공릉동 513-55,37.6243248959623,127.075193278741
서울 노원구 공릉동 513-63,37.6242570067105,127.07469660148
서울 노원구 공릉동 499-28,37.6246642439569,127.074282410803
서울 노원구 공릉동 393-7,37.6257229574751,127.074625116226
서울 노원구 공릉동 494-4,37.6238161697459,127.072942860447
서울 노원구 공릉동 422-2,37.6273279871863,127.079436797711
서울 노원구 공릉동 441-123,37.6266315573217,127.078037600463
서울 노원구 공릉동 441-134,37.6265379991593,127.078091650983
서울 노원구 공릉동 504-17,37.6259942736462,127.076826082074
서울 노원구 공릉동 408-54,37.6257915918191,127.077864423587
서울 노원구 공릉동 408-65,37.6254459847428,127.077573501481
서울 노원구 공릉동 408-83,37.625514581151,127.078344326341
서울 노원구 공릉동 408-117,37.6256653827641,127.079055088216
서울 노원구 공릉동 410-7,37.6247768989582,127.078411066024
서울 노원구 공릉동 350-91,37.6242395827935,127.077954219681
서울 노원구 공릉동 349-8,37.6238668630707,127.078334327833
서울 노원구 공릉동 349-9,37.6238659844592,127.07843627619
서울 노원구 공릉동 412-20,37.6242707595317,127.080102788294
서울 노원구 공릉동 238-23,37.6234894467346,127.080466133556
서울 노원구 공릉동 233-1,37.6244327543376,127.081553484801
서울 노원구 공릉동 238-6,37.6236133977297,127.080502515672
서울 노원구 공릉동 248-9,37.6226632335419,127.081918223347
서울 노원구 공릉동 336-5,37.6222414421737,127.079070039333
서울 노원구 공릉동 337-11,37.6218994941794,127.078700630497
서울 노원구 공릉동 269-11,37.6217055086118,127.080177288471
서울 노원구 공릉동 240-102,37.6217890016723,127.081403227455
서울 노원구 공릉동 240-16,37.6216996417581,127.082286551504
서울 노원구 공릉동 240-143,37.6215810193891,127.082103144224
서울 노원구 하계동 산 31-14,37.6370345963095,127.078056750129
서울 노원구 하계동 353,37.6374591775029,127.077316227926
서울 노원구 하계동 72-1,37.6362979774312,127.075242277148
서울 노원구 하계동 166-2,37.6366842876921,127.073144190103
서울 노원구 하계동 170-8,37.636795995864,127.07331186529
서울 노원구 하계동 170-8,37.636795995864,127.07331186529
서울 노원구 하계동 170-4,37.6364663892873,127.072479381541
서울 노원구 하계동 153-3,37.634265728935,127.072044465654
서울 노원구 하계동 166-15,37.6357762151919,127.071774355761
서울 노원구 하계동 278-5,37.6351500202853,127.071046858438
서울 노원구 하계동 115-22,37.6348912529528,127.069998985065
서울 노원구 하계동 274,37.6324803379916,127.071299559248
서울 노원구 하계동 275-4,37.6337744770184,127.071211068444
서울 노원구 하계동 135-48,37.6343608915297,127.070973259766
서울 노원구 하계동 78-1,37.6345240613145,127.07728112475
서울 노원구 하계동 70-20,37.636465459672,127.076935656295
서울 노원구 하계동 65-47,37.6367740552781,127.076368245368
서울 노원구 하계동 78-8,37.6363588731958,127.078169225889
서울 노원구 하계동 78-1,37.6345240613145,127.07728112475
서울 노원구 하계동 67-46,37.6371100675713,127.078646540384
서울 노원구 중계동 27-6,37.6439826190658,127.084100024593
서울 노원구 중계동 37-8,37.645182530101,127.083746945819
서울 노원구 중계동 37-12,37.6452005336709,127.083769627905
서울 노원구 중계동 43-18,37.6461365498021,127.085175732837
서울 노원구 중계동 583-3,37.6466279096039,127.081137304361
서울 노원구 중계동 583-3,37.6466279096039,127.081137304361
서울 노원구 중계동 598,37.6473308810022,127.083300413431
서울 노원구 중계동 78-1,37.6491529349964,127.081370194761
서울 노원구 중계동 93-10,37.6504854271619,127.082367821794
서울 노원구 중계동 94-8,37.6509375710935,127.081805696896
서울 노원구 중계동 593,37.6489530022198,127.083313103375
서울 노원구 중계동 70-4,37.6493906156317,127.083049113307
서울 노원구 중계동 70-8,37.6491361666637,127.084461079087
서울 노원구 중계동 577,37.648720301434,127.085048371542
서울 노원구 중계동 75-12,37.6494799834331,127.084080387196
서울 노원구 중계동 90-52,37.6498548509849,127.084753909433
서울 노원구 중계동 75-12,37.6494799834331,127.084080387196
서울 노원구 중계동 90-28,37.6501269873432,127.084321574971
서울 노원구 중계동 92-5,37.6509786989371,127.083671298599
서울 노원구 중계동 104-4,37.6516613027387,127.082492525111
서울 노원구 중계동 161-4,37.6594641642459,127.076896938047
서울 노원구 중계동 130-1,37.6605722619052,127.078431699464
서울 노원구 중계동 172-8,37.6600545047904,127.078104532112
서울 노원구 중계동 134-2,37.6607155892521,127.075982611966
서울 노원구 중계동 133-57,37.6611280629406,127.07639420657
서울 노원구 상계동 1019-71,37.6718100753339,127.057897963528
서울 노원구 상계동 1022-4,37.6727692440034,127.056815637213
서울 노원구 상계동 1019-88,37.6730741942187,127.056880706922
서울 노원구 상계동 1023-11,37.6732770266033,127.056460098903
서울 노원구 상계동 1008-34,37.6741062520714,127.056909946417
서울 노원구 상계동 1007-12,37.674486106526,127.058199183711
서울 노원구 상계동 1016-10,37.6735910187239,127.057944688285
서울 노원구 상계동 1017-15,37.673226475451,127.057406209601
서울 노원구 상계동 1119-47,37.6751726284904,127.056016277017
서울 노원구 상계동 996-27,37.6743647984261,127.059177444863
서울 노원구 상계동 1121-56,37.6746071665387,127.059168115606
서울 노원구 상계동 1013-12,37.6741893821678,127.060236593505
서울 노원구 상계동 1013-15,37.6740698423548,127.06089916005
서울 노원구 상계동 1278,37.6732130321239,127.060507848959
서울 노원구 상계동 995,37.6729844852423,127.05920275961
서울 노원구 상계동 1116-66,37.6758834271436,127.057849211526
서울 노원구 상계동 1117-21,37.6763812442682,127.056305678665
서울 노원구 상계동 1117-16,37.6768531192607,127.056048713737
서울 노원구 상계동 1118-35,37.6754326749452,127.054620728218
서울 노원구 상계동 1118-35,37.6754326749452,127.054620728218
서울 노원구 상계동 1104,37.6760235228334,127.053472069152
서울 노원구 상계동 1107-133,37.6763892543313,127.052414826073
서울 노원구 상계동 1098-1,37.6767599361232,127.051964604691
서울 노원구 상계동 1108-9,37.6770521205799,127.052378791177
서울 노원구 상계동 1098-12,37.6774573256417,127.051892314981
서울 노원구 상계동 1098-13,37.677043888981,127.051841016023
서울 노원구 상계동 1098-21,37.6766894058746,127.05172231105
서울 노원구 상계동 1098-2,37.6761045843867,127.05171317664
서울 노원구 상계동 1095-7,37.675549844401,127.051729454889
서울 노원구 상계동 1097-4,37.6758684389174,127.051297903056
서울 노원구 상계동 1100-30,37.6759179589949,127.051787522057
서울 노원구 상계동 1094-10,37.6745048159361,127.051689848994
서울 노원구 상계동 1094-10,37.6745048159361,127.051689848994
서울 노원구 상계동 1086-7,37.6740693201373,127.05077353914
서울 노원구 상계동 1086-8,37.6739416251191,127.050203399523
서울 노원구 상계동 1086-9,37.6735784271842,127.050234213417
서울 노원구 상계동 1054-17,37.6728765867614,127.051847524926
서울 노원구 상계동 1054-5,37.6733086292005,127.052000510825
서울 노원구 상계동 1054-1,37.673607140611,127.052369568382
서울 노원구 상계동 1050-1,37.6739340910442,127.05240335067
서울 노원구 상계동 1049-97,37.673755503527,127.053437229222
서울 노원구 상계동 1049-42,37.674094264823,127.053651029785
서울 노원구 상계동 1049-42,37.674094264823,127.053651029785
서울 노원구 상계동 1048-71,37.6743041649023,127.052915515896
서울 노원구 상계동 1048-38,37.6747514000503,127.052738887431
서울 노원구 상계동 194-23,37.6532998970325,127.070735400865
서울 노원구 상계동 183-1,37.654029629004,127.070087546765
서울 노원구 상계동 1309-2,37.6547851988344,127.071429332396
서울 노원구 상계동 387-211,37.6556424957468,127.070359343461
서울 노원구 상계동 188-8,37.6547364856568,127.070026902945
서울 노원구 상계동 320-27,37.6544991037359,127.069218003511
서울 노원구 상계동 320-14,37.6547804970442,127.069496361641
서울 노원구 상계동 176-24,37.6567509886922,127.070183372815
서울 노원구 상계동 180-10,37.6562278766444,127.0715364477
서울 노원구 상계동 387-104,37.6573311881306,127.070389835577
서울 노원구 상계동 387-104,37.6573311881306,127.070389835577
서울 노원구 상계동 178-26,37.656061082511,127.069156557627
서울 노원구 상계동 320-27,37.6544991037359,127.069218003511
서울 노원구 상계동 1282,37.654962108265,127.068308213284
서울 노원구 상계동 322-36,37.6563497823748,127.067400720817
서울 노원구 상계동 322-36,37.6563497823748,127.067400720817
서울 노원구 상계동 393-22,37.6594577723418,127.066672885284
서울 노원구 상계동 407-10,37.6598769109437,127.066028629537
서울 노원구 상계동 429-22,37.6611896389617,127.066192766028
서울 노원구 상계동 581-47,37.6596319847219,127.061777241977
서울 노원구 상계동 581-20,37.6595500080107,127.062437781514
서울 노원구 상계동 690-3,37.6592230501347,127.062930722838
서울 노원구 상계동 594-2,37.6568253189924,127.063002588295
서울 노원구 상계동 364-20,37.6586082190647,127.064599664428
서울 노원구 상계동 47-5,37.6726422692443,127.08414992812
서울 노원구 상계동 1358-12,37.6744555066806,127.084000308375
서울 노원구 상계동 1377-10,37.6727040914671,127.081563437537
서울 노원구 상계동 산 154-34,37.6732452335361,127.080626042077
서울 노원구 상계동 산 153-1,37.6819626199543,127.08119969508
서울 노원구 상계동 71-138,37.6719508031226,127.0837200041
서울 노원구 상계동 71-37,37.6722326858594,127.084273471
서울 노원구 상계동 71-33,37.6723053864631,127.084662685704
서울 노원구 상계동 71-6,37.672477004832,127.084938663241
서울 노원구 상계동 49-14,37.6715142811914,127.083843064499
서울 노원구 상계동 71-250,37.6707865818159,127.083303501534
서울 노원구 상계동 68-2,37.6706227069535,127.082772622989
서울 노원구 상계동 71-237,37.6702218346756,127.083703666653
서울 노원구 상계동 71-86,37.6713295599956,127.085627197889
서울 노원구 상계동 71-261,37.6706651470574,127.084671023605
서울 노원구 상계동 68-12,37.6698531052225,127.083135271523
서울 노원구 상계동 68-12,37.6698531052225,127.083135271523
서울 노원구 상계동 72-201,37.6692753801328,127.082903061278
서울 노원구 상계동 73-1,37.6691978375605,127.082729442542
서울 노원구 상계동 72-9,37.6689687235884,127.082077111606
서울 노원구 상계동 72-16,37.6685162041432,127.08201552041
서울 노원구 상계동 72-40,37.6697233588551,127.081594519275
서울 노원구 상계동 72-33,37.6703122594149,127.081825599575
서울 노원구 상계동 112-28,37.6702383856513,127.077411203038
서울 노원구 상계동 1388-16,37.6707964994022,127.07747707138
서울 노원구 상계동 1389-36,37.6710663212517,127.077097520454
서울 노원구 상계동 1387-5,37.6713566297431,127.078037031655
서울 노원구 상계동 1381-3,37.6721195892223,127.078429569206
서울 노원구 상계동 1384-1,37.6716525977945,127.078855498823
서울 노원구 상계동 1386-11,37.6711146854774,127.078491420168
서울 노원구 상계동 1380-12,37.6716764307357,127.079322751142
서울 노원구 상계동 1380-3,37.672273314506,127.079612770369
서울 노원구 상계동 1375-4,37.6727649472033,127.079793184071
서울 노원구 상계동 1376-15,37.6723208615204,127.080577888099
서울 노원구 상계동 140-260,37.667121007125,127.076702293626
서울 노원구 상계동 65-39,37.6680775387048,127.077588722431
서울 노원구 상계동 101-137,37.6685325681292,127.078895041929
서울 노원구 상계동 101-198,37.6679624257851,127.078898178751
서울 노원구 상계동 456-118,37.6616415667958,127.066360902155
서울 노원구 상계동 407-28,37.6612576786257,127.066645141543
서울 노원구 상계동 446-5,37.6611311295506,127.067841491054
서울 노원구 상계동 442-16,37.6619431201391,127.068108566817
서울 노원구 상계동 167-18,37.6620690376168,127.068797985382
서울 노원구 상계동 168-4,37.6622296550329,127.06915321296
서울 노원구 상계동 389-73,37.6609136190398,127.070023298216
서울 노원구 상계동 446-4,37.6620472949795,127.067444065694
서울 노원구 상계동 429-21,37.6626041911388,127.066970145779
서울 노원구 상계동 456-83,37.6638886643482,127.066749951081
서울 노원구 상계동 135-56,37.6654459434023,127.067183964954
서울 노원구 상계동 463-5,37.6664211794184,127.066681833853
서울 노원구 상계동 463-4,37.6667129841338,127.066881350273
서울 노원구 상계동 134-41,37.6668884630889,127.069431596972
서울 노원구 상계동 134-32,37.6675616689778,127.069442878378
서울 노원구 상계동 134-88,37.6674602951044,127.069771252536
서울 노원구 상계동 135-102,37.6646529467331,127.069590115885
서울 노원구 상계동 135-102,37.6646529467331,127.069590115885
서울 노원구 상계동 135-75,37.6656488660117,127.069326169056
서울 노원구 상계동 135-70,37.66468648443,127.068940261439
서울 노원구 상계동 450-8,37.6639766707292,127.068667367303
서울 노원구 상계동 149-26,37.6639706745377,127.069214897173
서울 노원구 상계동 149-12,37.6639707872524,127.069788160374
서울 노원구 상계동 152-2,37.6639349777331,127.070008682294
서울 노원구 상계동 169-1,37.6633204908517,127.070341655714
서울 노원구 상계동 169-562,37.6629148019408,127.070905460966
서울 노원구 상계동 155-16,37.664165833031,127.071619548204
서울 노원구 상계동 137-5,37.6650844098162,127.070978815366
서울 노원구 상계동 138-40,37.6645798793034,127.072283318162
서울 노원구 상계동 138-40,37.6645798793034,127.072283318162
서울 노원구 상계동 140-123,37.6640906442237,127.072727129019
서울 노원구 상계동 172,37.6630431287569,127.074515576814
서울 노원구 상계동 172-6,37.662460891597,127.073836114561
서울 노원구 상계동 138-205,37.6663317386348,127.070960055055
서울 노원구 상계동 산 145-17,37.6664246953278,127.071299488392
서울 노원구 상계동 134-130,37.6673451749313,127.070787605064
서울 노원구 상계동 134-130,37.6673451749313,127.070787605064