서울특별시 금천구 가산동 4-22,37.4851819,126.8814385
서울특별시 금천구 가산동 4-22,37.4851819,126.8814385
서울특별시 금천구 가산동 5-35,37.4846973,126.8816492
서울특별시 금천구 가산동 32-25,37.4844526,126.8824444
서울특별시 금천구 가산동 32-60,37.4837832,126.8821717
서울특별시 금천구 가산동 83-11,37.482682,126.8848226
서울특별시 금천구 가산동 144-4,37.4768155,126.8914558
서울특별시 금천구 가산동 769 두산위브아파트,37.4744482,126.8926779
서울특별시 금천구 가산동 769 두산위브아파트,37.4744482,126.8926779
서울특별시 금천구 가산동 153-6,37.4740547,126.8939499
서울특별시 금천구 가산동 150-8 서울탁주구로연합제조장,37.4749667,126.8941626
서울특별시 금천구 가산동 142-19,37.4788005,126.8917431
서울특별시 금천구 가산동 146-73,37.4778506,126.8932608
서울특별시 금천구 가산동 146-78 동양제과(주)시흥DC장,37.4782381,126.8932664
서울특별시 금천구 가산동 146-2,37.4782712,126.8948714
서울특별시 금천구 가산동 150-15 G밸리 하우스,37.4753712,126.8940549
서울특별시 금천구 가산동 148-11 가산매봉노인정,37.4756197,126.8955775
서울특별시 금천구 독산동 147-48,37.4753529,126.8959545
서울특별시 금천구 가산동 148-6,37.4762201,126.8961905
서울특별시 금천구 가산동 148-28 가산동 공영주차장,37.476674,126.8955846
서울특별시 금천구 가산동 234-41 가산더블레스,37.4734398,126.8937216
서울특별시 금천구 독산동 199-15,37.470788,126.902115
서울특별시 금천구 가산동 234-46 가산삼익아파트,37.4728201,126.8929732
서울특별시 금천구 가산동 234-35,37.4735198,126.8926351
서울특별시 금천구 가산동 769 두산위브아파트,37.4744482,126.8926779
서울특별시 금천구 가산동 236-20,37.4742198,126.8904202
서울특별시 금천구 가산동 237-44,37.4724432,126.8902542
서울특별시 금천구 가산동 239-19 세명하이빌,37.4742004,126.8874019
서울특별시 금천구 안양천로37,37.4569779,126.8956708
서울특별시 금천구 독산동 1104,37.4544183,126.8907919
서울특별시 금천구 독산동 1011-12,37.4636588,126.897076
서울특별시 금천구 독산동 1009-8 후암타운,37.4643775,126.8958785
서울특별시 금천구 독산동 1010 경로당,37.4646154,126.8953098
서울특별시 금천구 독산동 1009-29 류성빌딩,37.46493,126.8971478
서울특별시 금천구 독산동 1007-10,37.4653646,126.8954458
서울특별시 금천구 독산동 1007-5 효성정밀(주),37.4658868,126.8954042
서울특별시 금천구 독산동 1005-4 가산글로벌퍼스트,37.464359,126.8929398
서울특별시 금천구 독산동 1005-3,37.464447,126.8927124
서울특별시 금천구 독산동 1006-164,37.4649034,126.8943108
서울특별시 금천구 독산동 1004-6,37.4651309,126.8916623
서울특별시 금천구 독산동 1004-5,37.4653837,126.8917151
서울특별시 금천구 독산동 1003-10,37.4661131,126.8916704
서울특별시 금천구 독산동 1006-3 미림A클래스,37.466128,126.8922919
서울특별시 금천구 독산동 1006-11,37.46599,126.8929496
서울특별시 금천구 독산동 1006-39,37.4660934,126.8934116
서울특별시 금천구 독산동 1003-9,37.4663289,126.891622
서울특별시 금천구 독산동 331-4 우정오피스텔,37.4675947,126.8939999
서울특별시 금천구 독산동 300-10,37.469342,126.8939289
서울특별시 금천구 독산동 300-1 상승강재(주),37.4700534,126.8938845
서울특별시 금천구 독산동 333-7,37.4688279,126.8919469
서울특별시 금천구 독산동 333-23,37.4700848,126.8914648
서울특별시 금천구 독산동 999-11,37.4682497,126.8908249
서울특별시 금천구 독산동 332-43 정음정밀,37.4680512,126.8917549
서울특별시 금천구 독산동 331-19,37.4679986,126.8928748
서울특별시 금천구 독산동 332-22,37.4666967,126.8924079
서울특별시 금천구 독산동 332-9,37.4676409,126.8922018
서울특별시 금천구 독산동 332-17,37.4672942,126.8917434
서울특별시 금천구 독산동 336-20,37.4718241,126.8876632
서울특별시 금천구 독산동 335-13 대웅정밀,37.4716973,126.8895078
서울특별시 금천구 독산동 303-3,37.4719181,126.8909516
서울특별시 금천구 독산동 302-5 대성연립,37.4718483,126.892151
서울특별시 금천구 독산동 302-5,37.4718229,126.8913713
서울특별시 금천구 독산동 1159 아이유하임,37.4714727,126.8924505
서울특별시 금천구 독산동 295-19 대성금형 독산동공장,37.4714261,126.8951757
서울특별시 금천구 독산동 295-9 체리빌2차,37.471109,126.8959604
서울특별시 금천구 독산동 295-10 롯데VIC마켓금천점,37.4706198,126.8956737
서울특별시 금천구 독산동 289-5 독산1동주민센터,37.470209,126.8970363
서울특별시 금천구 독산동 296-8,37.4719633,126.8957783
서울특별시 금천구 독산동 298-2,37.4728423,126.8943861
서울특별시 금천구 독산동 149-63,37.4730135,126.8963055
서울특별시 금천구 독산동 148-17 기업은행,37.4733583,126.8955995
서울특별시 금천구 독산동 144-82,37.4751154,126.8975408
서울특별시 금천구 독산동 143-13,37.4772187,126.8979508
서울특별시 금천구 독산동 144-22,37.4769259,126.896508
서울특별시 금천구 독산동 376-26,37.4666709,126.9080309
서울특별시 금천구 독산동 378-30 문교빌라,37.4665295,126.9073547
서울특별시 금천구 독산동 378-89 구립소나무어린이집,37.466559,126.9066421
서울특별시 금천구 독산동 378-358,37.4666828,126.9063916
서울특별시 금천구 독산동 1039-4 신세계타운,37.4666995,126.9043
서울특별시 금천구 독산동 1040-1 한신빌,37.4664861,126.9036362
서울특별시 금천구 독산동 1038-10,37.4663722,126.9030161
서울특별시 금천구 독산동 1040-46,37.4658554,126.9036454
서울특별시 금천구 독산동 1041-19,37.4655092,126.9032322
서울특별시 금천구 독산동 378-326 한백아트,37.4638992,126.9064548
서울특별시 금천구 독산동 378-48 성창빌라,37.4649492,126.9069821
서울특별시 금천구 독산동 378-345,37.4654435,126.9068392
서울특별시 금천구 독산동 378-380,37.4659894,126.9064356
서울특별시 금천구 독산동 378-77 동양드림아파트,37.4655049,126.9066575
서울특별시 금천구 독산동 378-192 한신빌,37.4649242,126.906225
서울특별시 금천구 독산동 378-347,37.4645986,126.9060941
서울특별시 금천구 독산동 378-344,37.4642387,126.9061446
서울특별시 금천구 독산동 378-218 한신에버빌,37.4646762,126.9047365
서울특별시 금천구 독산동 378-208 한신에버빌,37.4646049,126.904828
서울특별시 금천구 독산동 378-303,37.4641399,126.9042357
서울특별시 금천구 독산동 378-307,37.4640083,126.9046219
서울특별시 금천구 독산동 378-295 청운에버빌,37.4643004,126.9050246
서울특별시 금천구 독산동 378-342 금강누리빌,37.4641827,126.9059419
서울특별시 금천구 시흥동 21-14,37.463329,126.9052083
서울특별시 금천구 독산동 378-469,37.4629341,126.9044115
서울특별시 금천구 독산동 378-470,37.4628153,126.9042324
서울특별시 금천구 독산동 1046-12 성웅빌라트,37.4628144,126.9031585
서울특별시 금천구 독산동 1043-9 승아사택,37.4642528,126.9028097
서울특별시 금천구 독산동 1043-16,37.4633936,126.9034327
서울특별시 금천구 독산동 1077-8,37.4592635,126.8991978
서울특별시 금천구 독산동 1054-28 농협,37.463612,126.8978567
서울특별시 금천구 독산동 1031-10,37.4655693,126.8980766
서울특별시 금천구 독산동 1032-23,37.4659973,126.8995173
서울특별시 금천구 독산동 1033-39,37.4656004,126.8994779
서울특별시 금천구 독산동 1036-17,37.4651253,126.9007057
서울특별시 금천구 독산동 1036-42,37.4655411,126.9008466
서울특별시 금천구 독산동 1037,37.4663375,126.9012193
서울특별시 금천구 독산동 1037-4,37.4659815,126.9016992
서울특별시 금천구 독산동 1042,37.4651391,126.9021863
서울특별시 금천구 독산동 1066-3 천문기도원,37.4597635,126.8996765
서울특별시 금천구 독산동 1067-4,37.4601878,126.8997607
서울특별시 금천구 독산동 1068-2,37.4606987,126.8994706
서울특별시 금천구 독산동 1062-10,37.4630082,126.900748
서울특별시 금천구 독산동 1049-28,37.4634582,126.9006849
서울특별시 금천구 독산동 1060,37.4620159,126.8986827
서울특별시 금천구 독산동 1051-27 정우빌라,37.4638999,126.8997402
서울특별시 금천구 독산동 1057-8 삼성아르빌,37.4634644,126.8994188
서울특별시 금천구 독산동 1050-16,37.4640127,126.9002472
서울특별시 금천구 독산동 1072-18 동궁빌라,37.462453,126.90209
서울특별시 금천구 독산동 1075 수림하이랜드,37.4598613,126.9005002
서울특별시 금천구 독산동 1067-9 옥계어린이집,37.4601749,126.9003147
서울특별시 금천구 독산동 1070-16,37.4609075,126.9015813
서울특별시 금천구 독산동 1068-20,37.4605953,126.9009529
서울특별시 금천구 독산동 1074 성장빌리지,37.4610468,126.9020201
서울특별시 금천구 독산동 1064-30 아크로빌,37.4620418,126.9005022
서울특별시 금천구 독산동 901-17 신영아파트,37.4802225,126.908987
서울특별시 금천구 독산동 901-21,37.4801802,126.9083092
서울특별시 금천구 독산동 903-37,37.4791379,126.9076573
서울특별시 금천구 독산동 897-1 금천문화예술정보학교,37.4786454,126.9070087
서울특별시 금천구 독산동 881-24,37.4786667,126.9063866
서울특별시 금천구 독산동 881-44,37.4781478,126.9067898
서울특별시 금천구 독산동 898-24(1),37.4794953,126.9063519
서울특별시 금천구 독산동 898-24(2),37.4794953,126.9063519
서울특별시 금천구 독산동 906-15,37.4773939,126.9100456
서울특별시 금천구 독산동 906-14,37.4774738,126.9099088
서울특별시 금천구 독산동 906-5 월드아트빌라,37.4773422,126.9093228
서울특별시 금천구 독산동 897-2 모두의 학교,37.4786454,126.9070087
서울특별시 금천구 독산동 896-2 호암빌,37.478327,126.9076578
서울특별시 금천구 독산동 904-37,37.4775463,126.9089807
서울특별시 금천구 독산동 894-2,37.4770667,126.9077779
서울특별시 금천구 독산동 889-23 둥지맨션,37.4768354,126.9071255
서울특별시 금천구 독산동 889-26 장미아파트,37.4767678,126.9066404
서울특별시 금천구 독산동 883-6,37.4775525,126.9067307
서울특별시 금천구 독산동 1137(1),37.4773575,126.9061004
서울특별시 금천구 독산동 1137(2),37.4773575,126.9061004
서울특별시 금천구 독산동 879-13,37.4791571,126.9058367
서울특별시 금천구 독산동 888-16 패밀리움,37.4766575,126.9054322
서울특별시 금천구 독산동 888-19,37.4765736,126.9051282
서울특별시 금천구 독산동 961-13 목화아파트2차,37.4767354,126.9041196
서울특별시 금천구 독산동 878-38,37.4783921,126.9049547
서울특별시 금천구 독산동 950-5,37.4794604,126.9045321
서울특별시 금천구 독산동 878-1 한울빌라,37.4791918,126.9047169
서울특별시 금천구 독산동 877-11,37.4785491,126.9043984
서울특별시 금천구 독산동 960-11 엘리체(ELICHE),37.4780706,126.9042923
서울특별시 금천구 독산동 885-2 한강빌라,37.4774959,126.9045042
서울특별시 금천구 독산동 887-3 진송빌딩,37.4761575,126.9049534
서울특별시 금천구 독산동 887-6,37.476288,126.9054263
서울특별시 금천구 독산동 890-1 문성빌라,37.4763753,126.9060921
서울특별시 금천구 독산동 890-5 해밀그린빌,37.4764545,126.9068597
서울특별시 금천구 독산동 893-2 미소트리움,37.4765379,126.9080909
서울특별시 금천구 독산동 893-6,37.4766426,126.9086885
서울특별시 금천구 독산동 893-8 엘림하우스,37.4764939,126.9091769
서울특별시 금천구 독산동 907-20,37.4766412,126.9104975
서울특별시 금천구 독산동 892-7 성호그린빌라,37.4762374,126.9087171
서울특별시 금천구 독산동 산10-2,37.4750897,126.9064048
서울특별시 금천구 독산동 891-4 라임스빌,37.4759075,126.9061781
서울특별시 금천구 독산동 234-21,37.4750694,126.9051841
서울특별시 금천구 독산동 887-28,37.4758519,126.905037
서울특별시 금천구 독산동 234-33 에이원빌,37.4756148,126.9047352
서울특별시 금천구 독산동 974-16 두앙리버빌,37.4752399,126.9041415
서울특별시 금천구 독산동 974-3,37.4758709,126.9041662
서울특별시 금천구 독산동 994-73 한아아파트,37.472113,126.9060525
서울특별시 금천구 독산동 994-32,37.472285,126.9061404
서울특별시 금천구 독산동 994-20 금강누리빌,37.4724735,126.9060698
서울특별시 금천구 독산동 994-18,37.4725618,126.905865
서울특별시 금천구 독산동 994-1,37.4726575,126.9045296
서울특별시 금천구 독산동 992-22 현대빌라,37.4735207,126.9043361
서울특별시 금천구 독산동 993-35 캐슬빌라,37.4732151,126.905392
서울특별시 금천구 독산동 992-39,37.4733822,126.9059209
서울특별시 금천구 독산동 992-7,37.4737325,126.9058028
서울특별시 금천구 독산동 977-15,37.474645,126.9041162
서울특별시 금천구 독산동 992 리치힐아파트,37.4737457,126.9043102
서울특별시 금천구 독산동 952-24,37.4793032,126.9021601
서울특별시 금천구 독산동 952-19,37.47896,126.9020746
서울특별시 금천구 독산동 952-7,37.4788469,126.9015336
서울특별시 금천구 독산동 952-10 까치빌라,37.4787977,126.9010934
서울특별시 금천구 독산동 953-9 금천세무서,37.4779927,126.8997936
서울특별시 금천구 독산동 955-11,37.4769659,126.8998313
서울특별시 금천구 독산동 955 신도아파트,37.4771494,126.9001904
서울특별시 금천구 독산동 955-6,37.4770486,126.900972
서울특별시 금천구 독산동 958-16,37.4783082,126.901745
서울특별시 금천구 독산동 958-10,37.4785088,126.9020021
서울특별시 금천구 독산동 958-35,37.4777594,126.9018321
서울특별시 금천구 독산동 964 공용주차장,37.4779397,126.9028131
서울특별시 금천구 독산동 967-3 서정빌딩,37.4765391,126.8994758
서울특별시 금천구 독산동 965-26,37.475842,126.9000852
서울특별시 금천구 독산동 970-4 성천교회,37.4759092,126.9014974
서울특별시 금천구 독산동 970-1,37.4761984,126.901595
서울특별시 금천구 독산동 971 독산3동다목적광장(공용주차장),37.4763904,126.9018974
서울특별시 금천구 독산동 964-47 로얄팰리스,37.4775054,126.902616
서울특별시 금천구 독산동 964-48,37.4775425,126.9027285
서울특별시 금천구 시흥대로101길59,37.464716,126.8954666
서울특별시 금천구 독산동 962-28,37.4768012,126.9034403
서울특별시 금천구 독산동 962-37,37.477279,126.9034672
서울특별시 금천구 독산동 972-5 브라더스타운,37.4755321,126.9016499
서울특별시 금천구 독산동 971-17,37.4760623,126.9024675
서울특별시 금천구 독산동 979-23 정우하이츠,37.4749446,126.902416
서울특별시 금천구 독산동 972-34,37.4751178,126.9026396
서울특별시 금천구 독산동 972-41,37.4756494,126.9026318
서울특별시 금천구 독산동 973-10,37.4756738,126.9033211
서울특별시 금천구 독산동 973-17 독산3동 주민센터,37.475159,126.903193
서울특별시 금천구 독산동 984,37.4738836,126.8997521
서울특별시 금천구 독산동 981-23,37.4741741,126.8999853
서울특별시 금천구 독산동 981-27,37.4742324,126.9004367
서울특별시 금천구 독산동 985-17,37.473913,126.901945
서울특별시 금천구 독산동 980-44 문성노인정,37.4740602,126.9022707
서울특별시 금천구 독산동 978-17,37.4742713,126.9026859
서울특별시 금천구 독산동 986-14 석운빌라,37.4731062,126.9023864
서울특별시 금천구 독산동 990-3 대광아파트,37.4735995,126.903114
서울특별시 금천구 독산동 178-7 클래시하우스,37.4710195,126.9027899
서울특별시 금천구 독산동 162-13,37.4715175,126.9001486
서울특별시 금천구 독산동 163-12,37.4712493,126.9013395
서울특별시 금천구 독산동 161-8 수하우스,37.4721211,126.9001397
서울특별시 금천구 독산동 161-1,37.4721063,126.9004791
서울특별시 금천구 독산동 164-40,37.4720315,126.9011585
서울특별시 금천구 독산동 201-15 럭스빌,37.4706858,126.8998555
서울특별시 금천구 독산동 201-17 럭스그린빌,37.4707422,126.8991312
서울특별시 금천구 독산동 284-12,37.4702013,126.8991052
서울특별시 금천구 독산동 284-15,37.469928,126.8997536
서울특별시 금천구 독산동 286-4,37.4699281,126.8987927
서울특별시 금천구 독산동 1023-1 서래타운,37.4675848,126.9016419
서울특별시 금천구 독산동 181-133 에덴빌라,37.4713056,126.9064373
서울특별시 금천구 독산동 180-41,37.4715928,126.9063201
서울특별시 금천구 독산동 180-37,37.4718895,126.9062479
서울특별시 금천구 독산동 179-17,37.4720826,126.9037467
서울특별시 금천구 독산동 181-65,37.4711833,126.9039407
서울특별시 금천구 독산동 191-2 독산4 치안센터,37.469539,126.9034673
서울특별시 금천구 독산동 182-28 호암파크빌,37.4705296,126.9063243
서울특별시 금천구 독산동 182-24,37.4701869,126.9053118
서울특별시 금천구 독산동 184-11,37.4695499,126.905615
서울특별시 금천구 독산동 187-54,37.4696443,126.9051049
서울특별시 금천구 독산동 187-40 독산4동 공영주차장,37.4694044,126.904498
서울특별시 금천구 독산동 192-20 삼우연립,37.4692372,126.9029856
서울특별시 금천구 독산동 192-15,37.4689756,126.9029555
서울특별시 금천구 독산동 918-9 드림빌,37.468606,126.9068158
서울특별시 금천구 독산동 918-11 화인빌라,37.4687849,126.9066775
서울특별시 금천구 독산동 917 금천호암노인종합복지관,37.4695126,126.9064521
서울특별시 금천구 독산동 919,37.4688345,126.906202
서울특별시 금천구 독산동 939-6,37.4675998,126.9071469
서울특별시 금천구 독산동 939-7,37.4674829,126.9071713
서울특별시 금천구 독산동 938-2 로이하이츠빌,37.4681031,126.907004
서울특별시 금천구 독산동 914 뜰안채,37.4690535,126.9055205
서울특별시 금천구 독산동 944-7 녹원빌라,37.4673113,126.9051729
서울특별시 금천구 독산동 944-5,37.4671235,126.9053339
서울특별시 금천구 독산동 929-7,37.4668505,126.9040718
서울특별시 금천구 독산동 931-5,37.4675405,126.9046269
서울특별시 금천구 독산동 927-3,37.4673198,126.9041553
서울특별시 금천구 독산동 195-5 로얄파크뷰2차,37.469338,126.9021928
서울특별시 금천구 독산동 194-13 메트로타운,37.4703596,126.9025622
서울특별시 금천구 독산동 199-14 호암빌,37.470788,126.902115
서울특별시 금천구 독산동 199-3,37.4710369,126.9007887
서울특별시 금천구 독산동 198-43,37.4704353,126.9019845
서울특별시 금천구 독산동 197-7 미림연립,37.469971,126.9014713
서울특별시 금천구 독산동 1014,37.468686,126.8989352
서울특별시 금천구 독산동 1026-16,37.4666404,126.9008531
서울특별시 금천구 독산동 1027-18,37.4666372,126.8995418
서울특별시 금천구 독산동 1028-5,37.4672048,126.8995335
서울특별시 금천구 독산동 1027-9 대연아트빌,37.4668953,126.8991989
서울특별시 금천구 독산동 1027,37.4670535,126.898767
서울특별시 금천구 독산동 1028 대덕트윈빌,37.4675157,126.8990542
서울특별시 금천구 독산동 1029-8 뉴그린빌라,37.4676348,126.8992672
서울특별시 금천구 독산동 1025-2 설화쎈스빌,37.4673189,126.9001762
서울특별시 금천구 시흥동 113-14 리솜메디라이프,37.4588889,126.8976773
서울특별시 금천구 시흥동 113-139,37.4581094,126.8971914
서울특별시 금천구 시흥동 108-62 대현오피스텔,37.4576389,126.8989051
서울특별시 금천구 시흥동 109-1 무지개아파트,37.4562021,126.8984627
서울특별시 금천구 시흥동 105-1 무지개연립,37.4560014,126.8982057
서울특별시 금천구 시흥동 114-9,37.4550356,126.8980164
서울특별시 금천구 시흥동 118-86 미림메르디앙,37.4543493,126.897857
서울특별시 금천구 시흥동 122-5 금성빌딩,37.4544973,126.8992337
서울특별시 금천구 시흥동 995-6,37.4541222,126.8996009
서울특별시 금천구 시흥동 995-65 동남주택,37.4534085,126.8993966
서울특별시 금천구 시흥동 992-2 남서울건영아파트,37.4529431,126.8987705
서울특별시 금천구 시흥동 992-57 산들빌라1,37.452602,126.8998718
서울특별시 금천구 시흥동 991-22,37.4508284,126.9009941
서울특별시 금천구 시흥동 991-47,37.4508295,126.9001464
서울특별시 금천구 시흥동 990-1,37.450769,126.8994579
서울특별시 금천구 시흥동 산173-8 성지아파트,37.4510437,126.8979959
서울특별시 금천구 시흥동 557-4,37.4512494,126.8968627
서울특별시 금천구 시흥동 558-10,37.4506039,126.8972112
서울특별시 금천구 시흥동 989,37.4498305,126.901246
서울특별시 금천구 시흥동 990-45,37.4501144,126.9007672
서울특별시 금천구 시흥동 492-55 부강빌라,37.4483962,126.9000916
서울특별시 금천구 시흥동 988-14,37.4486799,126.9005621
서울특별시 금천구 시흥동 989-15,37.4495674,126.9010464
서울특별시 금천구 시흥동 987 금천 쏠라 이지움,37.4499171,126.9018324
서울특별시 금천구 시흥동 987-14 시티뷰,37.4488372,126.9019839
서울특별시 금천구 시흥동 904-21,37.4487708,126.9035671
서울특별시 금천구 시흥동 905-9,37.4501277,126.904135
서울특별시 금천구 시흥동 905-58,37.4489575,126.904265
서울특별시 금천구 시흥동 906-6,37.4497429,126.9053951
서울특별시 금천구 시흥동 907-14,37.4506542,126.9055287
서울특별시 금천구 시흥동 896-25,37.4513409,126.9057334
서울특별시 금천구 시흥동 899-9,37.4507286,126.9048043
서울특별시 금천구 시흥동 902-29,37.4503309,126.9037025
서울특별시 금천구 시흥동 902-7 청우그린아파트,37.4504978,126.9032367
서울특별시 금천구 시흥동 902 금강빌딩,37.4509106,126.9030611
서울특별시 금천구 시흥동 886-14 시흥동주차전용빌딩,37.4532796,126.90297
서울특별시 금천구 시흥동 894-7,37.4521574,126.9043879
서울특별시 금천구 시흥동 839-40,37.4530734,126.9050301
서울특별시 금천구 시흥동 840-11 일해리빙텔,37.4539926,126.9040673
서울특별시 금천구 시흥동 841-25 대한예수교장로회 시흥교회,37.4545758,126.9038101
서울특별시 금천구 시흥동 840-68,37.4540998,126.9059193
서울특별시 금천구 시흥동 841-13,37.4545487,126.9057432
서울특별시 금천구 시흥동 875-4 한솔그린빌,37.4565048,126.9029116
서울특별시 금천구 시흥동 850-6 현대시장,37.4576065,126.9041502
서울특별시 금천구 시흥동 847-22 아이린빌,37.457031,126.9052436
서울특별시 금천구 시흥동 847-7 예일 센트럴,37.4567702,126.905304
서울특별시 금천구 시흥동 856-22,37.4597118,126.904775
서울특별시 금천구 시흥동 860-57 프린스빌,37.4609526,126.9044969
서울특별시 금천구 시흥동 861-43,37.4613096,126.9031579
서울특별시 금천구 시흥동 861-39 월드맨션,37.4611369,126.9029909
서울특별시 금천구 시흥동 861-48,37.4606645,126.9025796
서울특별시 금천구 시흥동 861-61 비전하우스,37.4606147,126.9030324
서울특별시 금천구 시흥동 861-65,37.4604453,126.9032271
서울특별시 금천구 시흥동 859,37.4608931,126.90391
서울특별시 금천구 시흥동 867-16 우성아파트,37.4587663,126.9029012
서울특별시 금천구 시흥동 864 시흥연립,37.4600963,126.90252
서울특별시 금천구 시흥동 864-16,37.4595536,126.9023019
서울특별시 금천구 시흥동 864-8 영아트빌,37.459838,126.9018682
서울특별시 금천구 시흥동 870-6,37.4577948,126.9001687
서울특별시 금천구 시흥동 870-27 시흥중앙교회(세나유치원),37.4571741,126.9002796
서울특별시 금천구 시흥동 871-30,37.4568274,126.900782
서울특별시 금천구 시흥동 882-8,37.4565354,126.9003906
서울특별시 금천구 시흥동 881-68,37.4566858,126.9010666
서울특별시 금천구 시흥동 990-14,37.450534,126.9003429
서울특별시 금천구 시흥동 872-46,37.4574694,126.9019933
서울특별시 금천구 시흥동 867-26,37.4588351,126.9025498
서울특별시 금천구 시흥동 867-32 화신연립,37.4584817,126.9023289
서울특별시 금천구 시흥동 230-97,37.4532385,126.917076
서울특별시 금천구 시흥동 230-15 스타힐스,37.4528812,126.9164369
서울특별시 금천구 시흥동 237 청우하인즈,37.4522013,126.9159946
서울특별시 금천구 시흥동 237-24,37.452358,126.9153933
서울특별시 금천구 시흥동 237-5,37.4518827,126.9146543
서울특별시 금천구 시흥동 239-37,37.4507106,126.9145808
서울특별시 금천구 시흥동 984-3 휴캐슬,37.445048,126.9034067
서울특별시 금천구 시흥동 978-9 칠성트레빌,37.4341457,126.9053963
서울특별시 금천구 시흥동 976-6 삼미연립,37.4340072,126.9060085
서울특별시 금천구 시흥동 973-1 백운맨션,37.4347332,126.9065629
서울특별시 금천구 시흥동 973-4 유림빌라맨숀,37.4354002,126.9065871
서울특별시 금천구 시흥동 973-2 천록빌라,37.4345653,126.9069156
서울특별시 금천구 시흥동 973-1 백운맨션,37.4347332,126.9065629
서울특별시 금천구 시흥동 974-6 무궁화연립,37.4348472,126.9062222
서울특별시 금천구 시흥동 974-2 대도연립,37.4342989,126.9063658
서울특별시 금천구 시흥동 976-5 은성연립,37.4344636,126.9056628
서울특별시 금천구 시흥동 974 무궁화빌라A동,37.4346291,126.906022
서울특별시 금천구 시흥동 977-11 칠성아파트,37.4344145,126.9052229
서울특별시 금천구 시흥동 978-1 칠성트레빌,37.434221,126.9047624
서울특별시 금천구 시흥동 970-1 해성화인캠사옥,37.4349937,126.9045251
서울특별시 금천구 시흥동 951-18,37.4412597,126.904931
서울특별시 금천구 시흥동 972-1 미르빌,37.4357081,126.9057803
서울특별시 금천구 시흥동 964-14 강호주택,37.4365856,126.9051799
서울특별시 금천구 시흥동 964-3,37.4370485,126.9045743
서울특별시 금천구 시흥동 955-7(1),37.4395025,126.9039396
서울특별시 금천구 시흥동 960-12 미도연립,37.4392003,126.9043847
서울특별시 금천구 시흥동 961-4 메르시 대신아파트,37.4389,126.9050445
서울특별시 금천구 시흥동 959-11 백운스위트빌Ⅲ,37.4395284,126.9057586
서울특별시 금천구 시흥동 960-15 유정빌리지,37.4393336,126.9051625
서울특별시 금천구 시흥동 960-1,37.4393569,126.9047554
서울특별시 금천구 시흥동 959-10 거상센스빌,37.4395902,126.9046503
서울특별시 금천구 시흥동 959-10 거상센스빌(2),37.4395025,126.9039396
서울특별시 금천구 시흥동 955-3 리치하우스,37.439981,126.9040456
서울특별시 금천구 시흥동 956(1),37.4400945,126.9046203
서울특별시 금천구 시흥동 956-6(1),37.4400743,126.9053551
서울특별시 금천구 시흥동 956-6(2),37.4400743,126.9053551
서울특별시 금천구 시흥동 958-2,37.4396402,126.9061638
서울특별시 금천구 시흥동 655-5 영일빌라,37.439575,126.9068992
서울특별시 금천구 시흥동 655-12 영일빌라2차,37.4399225,126.9074592
서울특별시 금천구 시흥동 958-4 창명빌라,37.4398147,126.9065115
서울특별시 금천구 시흥동 957-2,37.4403116,126.9066625
서울특별시 금천구 시흥동 949 국제빌라,37.4406588,126.9062054
서울특별시 금천구 시흥동 950-4 에이원빌라,37.4405458,126.905676
서울특별시 금천구 시흥동 950-12 미도연립,37.4406406,126.9052113
서울특별시 금천구 시흥동 956(2),37.4400945,126.9046203
서울특별시 금천구 시흥동 939-27 그린로얄파크빌,37.4446615,126.9044746
서울특별시 금천구 시흥동 951-14,37.4410212,126.9044712
서울특별시 금천구 시흥동 951-11 아주빌라,37.4410569,126.9054086
서울특별시 금천구 시흥동 950-15 두리파크빌,37.4407788,126.905537
서울특별시 금천구 시흥동 948-25,37.4410273,126.9060984
서울특별시 금천구 시흥동 949-1 밀레니엄,37.4407787,126.9064975
서울특별시 금천구 시흥동 653-5 백운스위트빌,37.4410956,126.9076455
서울특별시 금천구 시흥동 948-14,37.4412714,126.9071684
서울특별시 금천구 시흥대로24길(1),37.436579,126.9025246
서울특별시 금천구 시흥대로24길(2),37.436579,126.9025246
서울특별시 금천구 시흥동 952-13 GS빌리지,37.4414927,126.9057639
서울특별시 금천구 시흥동 952-10 중앙빌라,37.4414225,126.9049965
서울특별시 금천구 시흥동 954-19 신양그린빌,37.4415326,126.9042377
서울특별시 금천구 시흥동 953 백운한비치3차,37.442059,126.9046482
서울특별시 금천구 시흥동 953-18 금산빌라,37.4419003,126.9050234
서울특별시 금천구 시흥동 947 금산캐슬,37.441703,126.9060885
서울특별시 금천구 시흥동 946-28,37.4421468,126.9073138
서울특별시 금천구 시흥동 945-25,37.4426466,126.906798
서울특별시 금천구 시흥동 945-20,37.4427612,126.9065252
서울특별시 금천구 시흥동 942-13,37.4428739,126.9050657
서울특별시 금천구 시흥동 942-8,37.4427461,126.9058699
서울특별시 금천구 시흥동 945 하나맨션,37.4434073,126.9062332
서울특별시 금천구 시흥동 942-4,37.4430071,126.9058322
서울특별시 금천구 시흥동 942-17 삼성홈타운,37.443035,126.9049504
서울특별시 금천구 시흥동 944-2,37.4437,126.9057317
서울특별시 금천구 시흥동 1004 석수빌라,37.4433778,126.9069456
서울특별시 금천구 시흥동 945-11,37.4428449,126.9068065
서울특별시 금천구 시흥동 1005 중앙시흥하이츠빌라,37.4442591,126.906752
서울특별시 금천구 시흥동 939-26 미르.빌,37.4441734,126.9043122
서울특별시 금천구 시흥동 937-12 청기와맨숀,37.4453294,126.9046005
서울특별시 금천구 시흥동 937-17 훼밀리연립,37.4454983,126.9043494
서울특별시 금천구 시흥동 937-16 훼미리맨숀,37.4457148,126.9043801
서울특별시 금천구 시흥동 937-11 훼미리맨숀,37.4460476,126.9043188
서울특별시 금천구 시흥동 173-24,37.4539202,126.9089058
서울특별시 금천구 시흥동 820-20,37.4542506,126.9066292
서울특별시 금천구 시흥동 171-1 삼성체육공원 공영주차장,37.4547253,126.9092558
서울특별시 금천구 시흥동 169-45 프라우드빌,37.4549316,126.909151
서울특별시 금천구 시흥동 170-14,37.4549861,126.9082234
서울특별시 금천구 시흥동 818-11 모던하우스,37.4555616,126.9071187
서울특별시 금천구 시흥동 817-52,37.4557088,126.9074443
서울특별시 금천구 시흥동 816-14,37.456508,126.9071501
서울특별시 금천구 시흥동 816-31,37.4565868,126.9078724
서울특별시 금천구 시흥동 54-2 순흥안씨,37.4580517,126.9084388
서울특별시 금천구 시흥동 808,37.4583895,126.9079479
서울특별시 금천구 시흥동 809-7,37.4574979,126.9070114
서울특별시 금천구 시흥동 815-21,37.4573508,126.9066971
서울특별시 금천구 시흥동 813-41,37.4577588,126.9060016
서울특별시 금천구 시흥동 807-14 동도그린빌리지,37.4585852,126.9076738
서울특별시 금천구 시흥동 806(1),37.459698,126.9071828
서울특별시 금천구 시흥동 1016 한빛무궁화아파트,37.4601358,126.9077529
서울특별시 금천구 시흥동 798-40,37.4604385,126.9073642
서울특별시 금천구 시흥동 806(2),37.459698,126.9071828
서울특별시 금천구 시흥동 806(3),37.459698,126.9071828
서울특별시 금천구 시흥동 812-1,37.4591254,126.9066486
서울특별시 금천구 시흥동 803-17 하나은행,37.4589962,126.9053506
서울특별시 금천구 시흥동 789-57 시온산교회,37.4610287,126.9049254
서울특별시 금천구 시흥동 789-45,37.4613977,126.9048861
서울특별시 금천구 시흥동 789-22,37.4620536,126.9046844
서울특별시 금천구 시흥동 789-17,37.4622824,126.9050653
서울특별시 금천구 시흥동 790-32,37.461439,126.9054507
서울특별시 금천구 시흥동 790-37,37.4610793,126.9055237
서울특별시 금천구 시흥동 800-10 태성빌,37.4610335,126.9064174
서울특별시 금천구 시흥동 800,37.4609768,126.9061356
서울특별시 금천구 시흥동 790-15 대광파크,37.4622426,126.9056311
서울특별시 금천구 시흥동 791-4,37.4620471,126.9059279
서울특별시 금천구 시흥동 793-17 경원주택,37.4615852,126.9066467
서울특별시 금천구 시흥동 4-43,37.4605567,126.9084476
서울특별시 금천구 시흥동 4-66,37.4605947,126.9086618
서울특별시 금천구 시흥동 4-83,37.460042,126.9083308
서울특별시 금천구 시흥동 1016 한빛무궁화아파트,37.4601358,126.9077529
서울특별시 금천구 시흥동 798-64(1),37.4608806,126.9083977
서울특별시 금천구 시흥동 798-64(2),37.4608806,126.9083977
서울특별시 금천구 시흥동 796-36 법원빌,37.4613785,126.9086505
서울특별시 금천구 시흥동 793-9,37.4616274,126.907313
서울특별시 금천구 시흥동 793-6 한빛아파트,37.4617917,126.9075367
서울특별시 금천구 시흥동 793 그린주택,37.4621008,126.9078374
서울특별시 금천구 시흥동 794-18,37.4622639,126.9089089
서울특별시 금천구 시흥동 1-87,37.4624721,126.909991
서울특별시 금천구 시흥동 5-13 삼익아파트,37.4634482,126.9093325
서울특별시 금천구 시흥동 3-32 명성빌라,37.4613839,126.9131492
서울특별시 금천구 시흥동 3-220 명성빌라,37.4612305,126.9131175
서울특별시 금천구 시흥동 908-1,37.4569779,126.8956708
서울특별시 금천구 시흥동 3-15,37.4610059,126.9122165
서울특별시 금천구 시흥동 3-157 다은빌라,37.4608272,126.9114052
서울특별시 금천구 시흥동 3-118,37.4607003,126.9113166
서울특별시 금천구 시흥동 4-25 동광빌라2차,37.4608291,126.9106252
서울특별시 금천구 시흥동 4-147 한빛빌라,37.4600845,126.9080589
서울특별시 금천구 시흥동 1-38,37.4627753,126.9106196
서울특별시 금천구 시흥동 1-60,37.4632945,126.9112338
서울특별시 금천구 시흥동 1-22 화인아트빌,37.4634342,126.9107457
서울특별시 금천구 시흥동 3-6 동산빌라,37.4620651,126.912755
서울특별시 금천구 시흥동 3-23 두산주택,37.4614063,126.9126402
서울특별시 금천구 시흥동 3-87,37.4614627,126.911916
서울특별시 금천구 시흥동 3-79 해강하우스 II,37.4618775,126.9119552
서울특별시 금천구 시흥동 3-223 현대맨션,37.462058,126.911003
서울특별시 금천구 시흥동 3-62 현대하이츠,37.4624267,126.9109299
서울특별시 금천구 시흥동 3-175 은하빌리지,37.4616781,126.9108503
서울특별시 금천구 시흥동 3-222,37.4610736,126.9107573
서울특별시 금천구 시흥동 3-116,37.4612176,126.9107439
서울특별시 금천구 시흥동 797-3,37.4613126,126.9103017
서울특별시 금천구 시흥동 797-35 대흥연립,37.4612742,126.9100423
서울특별시 금천구 시흥동 796-34 건우골드빌,37.4612822,126.908957
서울특별시 금천구 시흥동 797-37,37.4613788,126.9096565
서울특별시 금천구 시흥동 797 알펜시아빌,37.4617192,126.9104202
서울특별시 금천구 시흥동 795-5 우성아파트,37.461944,126.9093883
서울특별시 금천구 시흥동 796-19 예림타운밸리,37.4616818,126.9092904
서울특별시 금천구 시흥동 935-71,37.4477125,126.905063
서울특별시 금천구 시흥동 438-4,37.4474225,126.9058583
서울특별시 금천구 시흥동 933-12,37.4475888,126.906308
서울특별시 금천구 시흥동 438-194 영일빌라5차,37.4470505,126.9065531
서울특별시 금천구 시흥동 922-70 신흥뜨란채 2차,37.4488086,126.9056912
서울특별시 금천구 시흥동 921-16,37.4504884,126.9061075
서울특별시 금천구 시흥동 832-14 시흥5동주민센터,37.452401,126.9083175
서울특별시 금천구 시흥동 835-12 한솔그린빌,37.4525126,126.9077169
서울특별시 금천구 시흥동 933-67,37.4474971,126.9071004
서울특별시 금천구 시흥동 919-78 시흥파크빌Ⅴ,37.4488239,126.9073523
서울특별시 금천구 시흥동 420-12 자연빌라,37.4464815,126.9083583
서울특별시 금천구 시흥동 420-4,37.4464302,126.9086642
서울특별시 금천구 시흥동 930-69,37.4463891,126.909083
서울특별시 금천구 시흥동 925-20,37.4479483,126.9081562
서울특별시 금천구 시흥동 920-2,37.4507114,126.9068389
서울특별시 금천구 시흥동 930-56,37.44642,126.909512
서울특별시 금천구 시흥동 930-51 태양연립,37.4468238,126.9093253
서울특별시 금천구 시흥동 929-33 건우한마음아파트,37.4467816,126.909631
서울특별시 금천구 시흥동 927-5 세진빌라,37.4484839,126.9095611
서울특별시 금천구 시흥동 928-3,37.4479552,126.9098739
서울특별시 금천구 시흥동 928-29,37.4476241,126.9101274
서울특별시 금천구 시흥동 928-16,37.4471101,126.9100783
서울특별시 금천구 시흥동 411-17 두솔그린빌라,37.4477054,126.9111207
서울특별시 금천구 시흥동 411-16 규성빌라,37.4481294,126.9111824
서울특별시 금천구 시흥동 1017 관악산신도브래뉴,37.4479276,126.9107898
서울특별시 금천구 시흥동 1018 백운한비치Ⅱ,37.4535123,126.9096237
서울특별시 금천구 시흥동 184-6,37.4538371,126.9096642
서울특별시 금천구 시흥동 208-1 현대맨션,37.4538141,126.9101054
서울특별시 금천구 시흥동 173-1,37.4542486,126.9093418
서울특별시 금천구 시흥동 214-6 금천빌라,37.4540673,126.9121587
서울특별시 금천구 시흥동 210-4,37.4538589,126.9110541
서울특별시 금천구 시흥동 204-8,37.4532362,126.9109501
서울특별시 금천구 시흥동 212-6 아덴하임,37.4534461,126.9112409
서울특별시 금천구 시흥동 203-4 스타힐스,37.4530752,126.9110768
서울특별시 금천구 시흥동 220-64 건우로얄빌라,37.4522939,126.9113594
서울특별시 금천구 시흥동 825-41,37.4526601,126.9090597
서울특별시 금천구 시흥동 825-44,37.4526283,126.9095123
서울특별시 금천구 시흥동 825-27,37.4526165,126.9101906
서울특별시 금천구 시흥동 200-21,37.4527543,126.9104711
서울특별시 금천구 시흥동 824-16,37.4531367,126.9099231
서울특별시 금천구 시흥동 244-31,37.4514935,126.9125012
서울특별시 금천구 시흥동 1012 백운한비치아파트,37.4515053,126.9118342
서울특별시 금천구 시흥동 247-12,37.4515549,126.9113475
서울특별시 금천구 시흥동 247-19,37.4518101,126.9116602
서울특별시 금천구 시흥동 827-35,37.4517668,126.9098977
서울특별시 금천구 시흥동 220-34,37.4522035,126.9123101
서울특별시 금천구 시흥동 220-7 백운빌리지,37.4524229,126.912646
서울특별시 금천구 시흥동 220-51,37.4529287,126.9127856
서울특별시 금천구 시흥동 220-2 현대아파트,37.4534542,126.9140777