영등포구 신길동 186-230,37.5124619,126.9133772
영등포구 영등포동 631-8,37.5128356,126.9058987
영등포구 영등포동 592-70,37.51466057,126.9093466
영등포구 영등포동 585-25,37.51610501,126.9127539
영등포구 신길동 35,37.51679891,126.9150297
영등포구 신길동 31-20,37.51680613,126.9164312
영등포구 영등포동 576-9,37.51641208,126.9143601
영등포구 신길동 184-13,37.51478235,126.915999
영등포구 신길동 187-14,37.51428614,126.9154608
영등포구 신길동 189-25,37.51379896,126.9139525
영등포구 신길동 186-182,37.51303697,126.9130692
영등포구 신길동 185-1,37.5148882,126.9139708
영등포구 신길동 169-10,37.51295178,126.9168862
영등포구 신길동 159-1,37.51190399,126.9149714
영등포구 신길동 219-27,37.51144751,126.9122141
영등포구 신길동 186-268,37.51325882,126.9137208
영등포구 영등포동 592-57,37.51468161,126.909057
영등포구 신길동 34-5,37.51682226,126.9155409
영등포구 신길동 46-9,37.51615392,126.9167274
영등포구 영등포동2가 94-153,37.5214577,126.9130061
영등포구 영등포동2가 28-117,37.52039822,126.911203
영등포구 영등포동2가 94-268,37.52254962,126.9098788
영등포구 영등포동7가 94-297,37.52412577,126.9083868
영등포구 영등포동7가 94-99,37.52416061,126.9098692
영등포구 영등포동7가 94-58,37.52573561,126.908529
영등포구 영등포동6가 52-9,37.52167687,126.9039907
영등포구 영등포동6가 61-2,37.52138015,126.9027611
영등포구 영등포동4가 162-1,37.51927119,126.9020124
영등포구 영등포동7가 49-1,37.52408109,126.9047602
영등포구 당산동 121-163,37.5259002,126.9078096
영등포구 영등포동3가 1-35,37.51839058,126.9106892
영등포구 영등포동5가 87,37.52171416,126.9059925
영등포구 영등포동1가 42-3,37.51721414,126.9139705
영등포구 영등포동7가 29-123,37.52368254,126.9088155
영등포구 영등포동7가 29-53,37.52314795,126.9092587
영등포구 영등포동1가 28,37.51824483,126.9146338
영등포구 영등포동1가 45,37.51730924,126.9148957
영등포구 영등포동7가 94-51,37.52579564,126.9087899
영등포구 영등포동1가 127,37.51714382,126.9106332
영등포구 영등포동8가 42-2,37.52728756,126.9039632
영등포구 당산동3가 2-6,37.52536624,126.900557
영등포구 당산동3가 13,37.52411209,126.8983819
영등포구 당산동1가 119-4,37.52169111,126.8982972
영등포구 당산동1가 255-28,37.52229106,126.8970158
영등포구 당산동3가 259,37.52512118,126.8973105
영등포구 당산동3가 224-1,37.52588642,126.8977459
영등포구 당산동3가 158-1,37.52652308,126.8977631
영등포구 당산동2가 147-7,37.52364082,126.8923286
영등포구 당산동3가 437,37.52535253,126.8943096
영등포구 당산동3가 363,37.52498139,126.8955138
영등포구 당산동3가 395-3,37.52699503,126.895293
영등포구 당산동1가 155-2,37.52182158,126.8996743
영등포구 당산동1가 9-1,37.51998454,126.8992605
영등포구 당산동4가 32-1,37.52975876,126.8993321
영등포구 당산동4가 32-198,37.52943268,126.8999646
영등포구 당산동4가 32-81,37.5283564,126.8990695
영등포구 당산동4가 32-95,37.52796494,126.8992062
영등포구 당산동4가 32-98,37.52811839,126.8995398
영등포구 당산동4가 73-15,37.52911661,126.8970299
영등포구 당산동4가 80-5,37.5310141,126.8973138
영등포구 당산동6가 9-2,37.5325383,126.905945
영등포구 당산동6가 237-6,37.53386406,126.9042971
영등포구 당산동6가 237-17,37.5340747,126.9039424
영등포구 당산동6가 185,37.53479434,126.9037417
영등포구 당산동6가 103-17,37.53478827,126.9043589
영등포구 당산동6가 346-2,37.53615772,126.9007824
영등포구 당산동6가 350-9,37.53651394,126.9010631
영등포구 당산동 121-135,37.52686932,126.9080345
영등포구 당산동 121-119,37.52779547,126.9073613
영등포구 당산동 173-20,37.52785904,126.9068472
영등포구 당산동6가 110-71,37.53349599,126.9059645
영등포구 당산동 121-140,37.52672463,126.9092139
영등포구 도림동 206-8,37.51022349,126.8978625
영등포구 도림동 187-61,37.51069654,126.8975835
영등포구 도림동 202-43,37.50978745,126.8960589
영등포구 도림동 226-13,37.50834495,126.8967826
영등포구 도림동 156-3,37.50868563,126.899518
영등포구 도림동 247-31,37.50702015,126.8990213
영등포구 도림동 246-25,37.5070754,126.9005305
영등포구 도림동 152-124,37.50764291,126.9015657
영등포구 도림동 154-21,37.50862437,126.9009076
영등포구 도림동 250-11,37.50607315,126.8989738
영등포구 도림동 147-75,37.50771768,126.902526
영등포구 도림동 30,37.51118019,126.9088993
영등포구 도림동 144-185,37.50902875,126.9019989
영등포구 도림동 234-1,37.50883913,126.8979082
영등포구 도림동 232,37.50703523,126.8978999
영등포구 도림동 201-1,37.51074875,126.8967023
영등포구 문래동2가 56-3,37.51380829,126.892158
영등포구 문래동5가 19-8,37.51589334,126.8853176
영등포구 문래동4가 10-4,37.51640989,126.8887163
영등포구 문래동3가 82-12,37.51996421,126.8918618
영등포구 문래동3가 54-5,37.51446596,126.8958102
영등포구 양평동1가 31-6,37.52307625,126.8907603
영등포구 양평동1가 218,37.52449125,126.8889931
영등포구 양평동1가 211-1,37.52364346,126.8882874
영등포구 양평동1가 89-1,37.52423202,126.8916978
영등포구 양평동2가 33-48,37.52491128,126.8857638
영등포구 양평동2가 36-36,37.52467521,126.8840897
영등포구 양평동3가 30-17,37.52611974,126.8835851
영등포구 양평동3가 30-31,37.52640326,126.8850293
영등포구 양평동3가 23-3,37.52635164,126.886154
영등포구 양평동3가 32-10,37.52713111,126.8864494
영등포구 양평동3가 56-9,37.52741158,126.8875732
영등포구 양평동1가 1-42,37.5209108,126.891559
영등포구 양평동2가 22-1,37.52282377,126.8833028
영등포구 양평동6가 88,37.54417693,126.8889906
영등포구 양평동6가 86,37.54382753,126.8892827
영등포구 양평동6가 65-1,37.5431916,126.8893702
영등포구 양평동6가 82-3,37.54286166,126.8887079
영등포구 양평동6가 20,37.54294732,126.8912895
영등포구 양평동6가 20-5,37.5424869,126.891971
영등포구 양평동5가 131-7,37.54223033,126.8925995
영등포구 양평동5가 121-7,37.54084129,126.8946333
영등포구 양평동5가 124-7,37.54041462,126.8950866
영등포구 양평동5가 94,37.53973221,126.893787
영등포구 양평동4가 210-3,37.53888218,126.8955781
영등포구 양평동4가 205,37.53851845,126.8949733
영등포구 양평동4가 169,37.53764012,126.8962577
영등포구 양평동4가 276-1,37.53761337,126.8973994
영등포구 양평동4가 322-1,37.53824248,126.8976401
영등포구 양평동4가 266-6,37.53761699,126.8982475
영등포구 양평동4가 275-2,37.53727878,126.8979655
영등포구 양평동6가 7,37.54033118,126.8897385
영등포구 양평동4가 22-1,37.53540766,126.8950746
영등포구 양평동6가 13-6,37.54177111,126.8914356
영등포구 양평동5가 53,37.53898304,126.892605
영등포구 양평동4가 278-3,37.53626119,126.8995477
영등포구 양평동4가 33-4,37.53496722,126.8983299
영등포구 신길동 95-51,37.51327394,126.9186418
영등포구 신길동 456-7,37.50995481,126.9219701
영등포구 신길동 465-16,37.51079977,126.9214262
영등포구 신길동 466-3,37.51159298,126.9214999
영등포구 신길동 124-10,37.50940019,126.9197385
영등포구 신길동 124-30,37.5100801,126.9189705
영등포구 신길동 146-16,37.5091096,126.9168537
영등포구 신길동 119-27,37.51091462,126.918709
영등포구 신길동 65-103,37.51460854,126.9212228
영등포구 신길동 7-40,37.51523498,126.9218554
영등포구 신길동 10-40,37.51591954,126.921957
영등포구 신길동 69-47,37.5138302,126.922088
영등포구 신길동 158-30,37.51039767,126.9141902
영등포구 신길동 256-2,37.5070068,126.9100385
영등포구 신길동 268-13,37.50718728,126.9079429
영등포구 신길동 287-12,37.50889851,126.9074272
영등포구 신길동 290-8,37.50852301,126.9065508
영등포구 신길동 271-10,37.50726344,126.9089105
영등포구 신길동 355-556,37.50363889,126.9009708
영등포구 신길동 370-17,37.50342898,126.9005745
영등포구 신길동 362-19,37.50680055,126.9026365
영등포구 신길동 308-14,37.5073623,126.9047085
영등포구 신길동 268-4,37.50744203,126.9077553
영등포구 신길동 355-79,37.50423199,126.9019069
영등포구 신길동 268-11,37.5072455,126.9081887
영등포구 신길동 230-4,37.50735065,126.9104328
영등포구 신길동 296-44,37.50731239,126.9042715
영등포구 신길동 287-42,37.50881255,126.9079946
영등포구 신길동 276-77,37.50996312,126.9092564
영등포구 신길동 209-112,37.50882747,126.9126895
영등포구 신길동 4934-7,37.50781183,126.9137543
영등포구 신길동 4934-3,37.50766272,126.9127801
영등포구 신길동 4912,37.50683722,126.9137679
영등포구 신길동 4908,37.50632105,126.9126884
영등포구 신길동 238-28,37.50553279,126.9130891
영등포구 신길동 245-8,37.50508115,126.9142412
영등포구 신길동 4920-7,37.50605864,126.9148584
영등포구 신길동 4903-3,37.5065823,126.9117854
영등포구 신길동 204-9,37.50992194,126.9133359
영등포구 대림동 907-35,37.49708062,126.9070293
영등포구 대림동 907-35,37.49708062,126.9070293
영등포구 신길동 413-10,37.49801881,126.9039535
영등포구 신길동 355-128,37.5024498,126.9015821
영등포구 신길동 355-128,37.5024498,126.9015821
영등포구 신길동 420-133,37.50013654,126.9048527
영등포구 신길동 430-48,37.49930433,126.9067246
영등포구 신길동 340-11,37.50068529,126.9077383
영등포구 신길동 410-171,37.50057599,126.9035562
영등포구 신길동 420-143,37.50023693,126.904538
영등포구 대림동 906-40,37.49724605,126.9064749
영등포구 신길동 3500,37.50273011,126.9108931
영등포구 신길동 3574-5,37.50061444,126.9099191
영등포구 신길동 4680,37.49637864,126.9092286
영등포구 신길동 4829,37.49338118,126.9093609
영등포구 신길동 4507,37.49734672,126.9127531
영등포구 신길동 3829,37.49935385,126.9125699
영등포구 신길동 3980-10,37.49971322,126.9148545
영등포구 신길동 504,37.49949604,126.9196982
영등포구 신길동 4230,37.49846852,126.9191416
영등포구 신길동 506,37.50014249,126.919931
영등포구 신길동 1560,37.50140527,126.9173393
영등포구 신길동 4729,37.49575493,126.9093077
영등포구 신길동 4533-7,37.49898467,126.911185
영등포구 신길동 4199,37.49957728,126.918072
영등포구 신길동 883,37.50598427,126.9214339
영등포구 신길동 664,37.50228072,126.9202685
영등포구 신길동 1065,37.50765272,126.9226214
영등포구 신길동 1088,37.50768536,126.9225138
영등포구 신길동 457-3,37.50829901,126.9219362
영등포구 신길동 1222,37.50988648,126.9223182
영등포구 신길동 1267,37.51142645,126.9233873
영등포구 신길동 1272,37.51083392,126.9232014
영등포구 신길동 1210,37.5093327,126.922571
영등포구 신길동 913,37.50755316,126.920857
영등포구 대림동 881-1,37.49398811,126.904232
영등포구 대림동 834-1,37.49315047,126.9016303
영등포구 대림동 758-10,37.49589359,126.9026205
영등포구 대림동 844-33,37.49540709,126.9019047
영등포구 대림동 942-62,37.49299959,126.9063407
영등포구 대림동 1018-23,37.49067037,126.9036123
영등포구 대림동 871-8,37.49118402,126.9040419
영등포구 대림동 824-97,37.49548607,126.9013212
영등포구 대림동 758-3,37.49570471,126.902692
영등포구 대림동 976-46,37.49073526,126.9067827
영등포구 대림동 967-1,37.49174152,126.9069099
영등포구 대림동 705,37.49267865,126.8981705
영등포구 대림동 1020-6,37.49027756,126.9030941
영등포구 대림동 1024-11,37.48880423,126.9029839
영등포구 대림동 1095-1,37.48744026,126.9013275
영등포구 대림동 1025-73,37.48815065,126.9015846
영등포구 대림동 993-31,37.48801182,126.9036814
영등포구 대림동 1027-17,37.48918204,126.902137
영등포구 대림동 1035-12,37.49178576,126.9006115
영등포구 대림동 1035-12,37.49178576,126.9006115
영등포구 대림동 704-8,37.49243426,126.8992829
영등포구 대림동 1072-40,37.49138962,126.8993774
영등포구 대림동 1095-35,37.48724625,126.9004422
영등포구 대림동 1095-35,37.48724625,126.9004422
영등포구 대림동 1092-22,37.48814893,126.8997529
영등포구 대림동 1117-2,37.4874748,126.8984931
영등포구 대림동 1116-37,37.48859615,126.8973965
영등포구 대림동 1116-31,37.48923428,126.8970209
영등포구 대림동 1116-5,37.49180306,126.8962104
영등포구 대림동 994-25,37.48671414,126.9028506
영등포구 대림동 1101-1,37.48691946,126.900555
영등포구 대림동 713-7,37.49461354,126.8979288
영등포구 대림동 712-5,37.49395335,126.8968673
영등포구 대림동 714-3,37.49515333,126.897517
영등포구 대림동 808-26,37.49379237,126.8954737
영등포구 대림동 807-1,37.49470262,126.8950206
영등포구 대림동 795-1,37.49725121,126.8953253
영등포구 대림동 778-8,37.49921159,126.8951989
영등포구 대림동 792,37.50128788,126.8937932
영등포구 대림동 789-1,37.50177058,126.8947328
영등포구 대림동 783-13,37.50213532,126.8961728
영등포구 대림동 652,37.50319181,126.8972812
영등포구 대림동 1118-4,37.50460259,126.8980983
영등포구 대림동 687-4,37.50017376,126.8995299
영등포구 대림동 689-18,37.49852208,126.8990588
영등포구 대림동 754-8,37.49752527,126.9010549
영등포구 대림동 691-8,37.49736027,126.8994127