관악구 관악로10길 15,37.4769995,126.9534861
관악구 관악로10길 6,37.47672244,126.952933
관악구 관악로10길 77,37.47654304,126.9568563
관악구 관악로12길 16,37.47796497,126.9533127
관악구 관악로12길 55,37.47796959,126.9554099
관악구 관악로14가길 28,37.47726731,126.955656
관악구 관악로14길 38-9,37.4784545,126.954535
관악구 관악로6길 104-7,37.47859881,126.9540383
관악구 관악로10길 15,37.4769995,126.9534861
관악구 관악로10길 6,37.47672244,126.952933
관악구 관악로10길 77,37.47654304,126.9568563
관악구 관악로12길 16,37.47796497,126.9533127
관악구 관악로12길 55,37.47796959,126.9554099
관악구 관악로14가길 28,37.47726731,126.955656
관악구 관악로14길 38-9,37.4784545,126.954535
관악구 관악로6길 104-7,37.47859881,126.9540383
관악구 관악로6길 15,37.47478167,126.9535895
관악구 관악로6길 15,37.47478167,126.9535895
관악구 관악로6길 21,37.47508893,126.9534867
관악구 관악로6길 36,37.47568052,126.9536851
관악구 관악로6길 49,37.47625984,126.9533183
관악구 관악로6길 50,37.47627682,126.95351
관악구 관악로6길 77,37.47750574,126.95346
관악구 관악로8길 32,37.47556463,126.9545057
관악구 관악로8길 43,37.47555761,126.9552146
관악구 낙성대로3길 11,37.47545626,126.9597733
관악구 낙성대로3길 21-4,37.4744981,126.9603494
관악구 낙성대로3길 8,37.47566928,126.9593441
관악구 낙성대로3길 9-21,37.47533425,126.9608474
관악구 낙성대로4길 18,37.47609944,126.9580223
관악구 낙성대역4길 34,37.47447902,126.9605391
관악구 낙성대역6길 20,37.47433293,126.9617969
관악구 낙성대역6길 27,37.47403124,126.9618721
관악구 낙성대역6길 8-16,37.47525237,126.9616848
관악구 낙성대역8길 43-16,37.47339394,126.9609033
관악구 낙성대역8길 47,37.47404486,126.9612374
관악구 낙성대역8길 49,37.47406875,126.9611021
관악구 낙성대역8길 50,37.47424937,126.9611861
관악구 남부순환로226길 41,37.47867489,126.9537936
관악구 남부순환로228길 6,37.47949424,126.9547741
관악구 남부순환로228길 75,37.47642922,126.9541364
관악구 남부순환로230길 112,37.47522179,126.9540617
관악구 남부순환로230길 98,37.47580585,126.9543766
관악구 남부순환로234길 82,37.47591815,126.9558326
관악구 남부순환로240길 36,37.47649438,126.9610982
관악구 남부순환로240길 40,37.47640014,126.9611742
관악구 난곡로10길 10,37.4651848,126.9200514
관악구 난곡로16가길 3-16,37.46617099,126.9209415
관악구 난곡로16길 19,37.47918021,126.9137586
관악구 난곡로20길 12,37.46843563,126.9209881
관악구 난곡로20길 17,37.46864198,126.9211459
관악구 난곡로24가길 33,37.46958125,126.9225821
관악구 난곡로24길 64 101동,37.46780696,126.9216785
관악구 난곡로24길 79,37.46732075,126.9225978
관악구 난곡로24바길 16,37.46753876,126.9225504
관악구 난곡로26길 43,37.47042024,126.9220178
관악구 난곡로26길 64,37.46981222,126.923297
관악구 난곡로26길 71,37.46988426,126.9237409
관악구 난곡로26길 84,37.46943999,126.9241667
관악구 난곡로26나길 17,37.4691764,126.9231321
관악구 난곡로26라길 33,37.4676374,126.9237877
관악구 난곡로26라길 5,37.46866016,126.9244888
관악구 난곡로26마길 24,37.46761028,126.9240819
관악구 난곡로30길 40,37.47103821,126.9216432
관악구 난곡로30나길 3,37.47108297,126.9220677
관악구 난곡로31길 38,37.47043633,126.9183416
관악구 난곡로34길 47,37.47212875,126.9217783
관악구 난곡로34길 55-3,37.47220481,126.9220581
관악구 난곡로34길 59,37.47217416,126.9223284
관악구 난곡로34길 70,37.47197626,126.9228699
관악구 난곡로34길 80 앞,37.47303711,126.9241693
관악구 난곡로34나길 14,37.47258068,126.921349
관악구 난곡로34나길 47,37.47298009,126.923169
관악구 난곡로34나길 53,37.47261285,126.9233481
관악구 난곡로34다길 15,37.47139851,126.9223898
관악구 난곡로35길 13,37.47263611,126.9182228
관악구 난곡로35길 48-8,37.4709488,126.9172987
관악구 난곡로35길 68,37.47032926,126.9172452
관악구 법원단지10길 107,37.47578913,126.9254458
관악구 법원단지10길 41,37.47405636,126.9223561
관악구 법원단지10길 56,37.47426873,126.9232072
관악구 법원단지12길 21,37.47308652,126.9217112
관악구 법원단지14길 29,37.47297061,126.9221214
관악구 법원단지16길 1,37.47429551,126.9219471
관악구 법원단지18길 13,37.47398449,126.9227377
관악구 법원단지18길 30,37.47341806,126.9228898
관악구 법원단지20길 28,37.47357261,126.9233371
관악구 법원단지24길 26,37.47414341,126.9238494
관악구 법원단지25길 17,37.47594273,126.9228268
관악구 법원단지26길 25,37.47444306,126.92442
관악구 법원단지28길 26,37.47452722,126.9245732
관악구 법원단지29길 22,37.47657289,126.9236352
관악구 법원단지30길 14,37.47509011,126.9245641
관악구 법원단지30길 27,37.47469795,126.9252193
관악구 법원단지31길 16,37.4764655,126.9240071
관악구 법원단지32길 28,37.47476319,126.9253264
관악구 법원단지33길 11,37.47636588,126.9242679
관악구 법원단지34길 3,37.47595568,126.9248468
관악구 법원단지36길 1,37.47607856,126.9250957
관악구 법원단지5가길 69,37.47645232,126.9226846
관악구 법원단지5가길 84,37.47665677,126.9234901
관악구 법원단지5가길 92,37.47683955,126.9238333
관악구 법원단지5나길 28,37.47557899,126.9206004
관악구 법원단지7길 18,37.47491502,126.9209931
관악구 법원단지길 115,37.47526469,126.9231403
관악구 법원단지길 130,37.47549546,126.9240067
관악구 법원단지길 138,37.47566465,126.9243754
관악구 난곡로11길 33,37.4655102,126.9175896
관악구 난곡로11길 5,37.46516761,126.9190946
관악구 난곡로15길 14,37.46715359,126.9196335
관악구 난곡로9길 11 버스종점,37.46428267,126.9185046
관악구 난향10길 1,37.46307164,126.9156011
관악구 난향12길 3,37.46326578,126.9152178
관악구 난향15길 11,37.46341306,126.9141708
관악구 난향6길 15,37.46346015,126.9170824
관악구 난향6길 31,37.46386691,126.9163618
관악구 난향6길 31,37.46386691,126.9163618
관악구 난향7길 60,37.45999564,126.9151633
관악구 난향9길 17,37.4621525,126.9151428
관악구 난향9길 61,37.46018687,126.9149106
관악구 난향길 37,37.46287512,126.9171579
관악구 난향길 37,37.46287512,126.9171579
관악구 남부순환로256가길 10,37.47532335,126.9723659
관악구 남부순환로256가길 6,37.47520217,126.9721074
관악구 남부순환로256나길 21,37.47257996,126.9729957
관악구 남부순환로256나길 7,37.47313309,126.9734826
관악구 남부순환로256다길 17,37.47267206,126.9734058
관악구 남부순환로256다길 5,37.47288574,126.9737783
관악구 남부순환로256라길 16,37.47247054,126.9735697
관악구 남부순환로256라길 26,37.47211901,126.9732105
관악구 남부순환로260길 27,37.47479238,126.9728368
관악구 남부순환로260길 36,37.47464026,126.972366
관악구 남부순환로260길 43 우,37.47423117,126.9723159
관악구 남부순환로260길 72,37.47317027,126.9722707
관악구 남부순환로260길 99 아래,37.47221237,126.9722531
관악구 남부순환로272길 55,37.47402643,126.9783293
관악구 남부순환로272길 23,37.47535789,126.9786566
관악구 남부순환로272길 28,37.47527856,126.9782463
관악구 남현12길 18,37.47178877,126.9729041
관악구 남현1가길 12-8,37.47541874,126.9773471
관악구 남현1가길 4,37.47569678,126.9775891
관악구 남현1가길 42-5,37.47411897,126.9772338
관악구 남현2길 93,37.47427913,126.972851
관악구 남현3길 9,37.47482914,126.9773443
관악구 남현7길 20,37.47326076,126.9768226
관악구 남현7길 32,37.47349291,126.977329
관악구 남현7길 46,37.47349741,126.9779081
관악구 남현길 42,37.47480448,126.9765125
관악구 남현길 64,37.47401673,126.9759348
관악구 남현길 79,37.47324735,126.9758126
관악구 승방10길 11-1,37.47246214,126.9775049
관악구 승방10길 19,37.47291104,126.9773449
관악구 승방1길 35,37.47243319,126.9812913
관악구 승방1길 40,37.47256186,126.9809544
관악구 승방1길 57,37.47203887,126.9802361
관악구 승방1길 73,37.47171296,126.9794019
관악구 승방1길 83,37.47154837,126.9789299
관악구 승방3가길 10,37.47324356,126.9803791
관악구 승방3가길 19,37.472854,126.9800126
관악구 승방3가길 28,37.47286806,126.9794144
관악구 승방3가길 58,37.47194489,126.9781777
관악구 승방3가길 6,37.47329514,126.980549
관악구 승방3나길 8,37.47294147,126.980665
관악구 승방6길 18,37.47433007,126.9803108
관악구 승방6길 27,37.47478576,126.97998
관악구 승방6길 6,37.4738733,126.9803982
관악구 승방6길 9,37.47404587,126.9801739
관악구 승방7길 1,37.47317863,126.9795459
관악구 승방9길 16,37.47209441,126.9787467
관악구 승방길 100,37.47148849,126.9773663
관악구 승방길 22 뒤,37.47376684,126.9805767
관악구 승방길 22 앞,37.47376684,126.9805767
관악구 승방길 22 옆,37.47376684,126.9805767
관악구 승방길 33,37.47332673,126.9801106
관악구 승방길 36,37.47353102,126.9798203
관악구 승방길 6,37.47403704,126.9815023
관악구 승방길 65,37.47268495,126.9785339
관악구 승방길 74,37.47251334,126.9779702
관악구 승방길 77,37.47227501,126.9781122
관악구 승방길 86,37.47209731,126.9776833
관악구 승방길 89,37.47177661,126.9778828
관악구 대학5길 29,37.46935858,126.9394941
관악구 대학5길 41,37.46946359,126.9400522
관악구 대학길 141,37.46493171,126.9389781
관악구 대학길 161,37.46432884,126.939836
관악구 대학길 58-6,37.46819582,126.9372966
관악구 신림로11가길 28,37.46644674,126.9381289
관악구 신림로11길 121,37.46530548,126.9394997
관악구 신림로11길 125 앞,37.46518217,126.939668
관악구 신림로11길 140-6,37.46446977,126.9397559
관악구 신림로11길 144,37.46445095,126.9400364
관악구 신림로11길 35,37.46886418,126.9389205
관악구 신림로15길 56,37.46791444,126.9366825
관악구 신림로17길 15,37.47006219,126.9367897
관악구 신림로19길 25 앞,37.46919099,126.9359663
관악구 신림로19길 51 앞,37.46802142,126.9356679
관악구 신림로21길 62,37.4677366,126.9348274
관악구 신림로21길 66,37.46756517,126.9347943
관악구 신림로21길 9 앞,37.47003252,126.9355986
관악구 신림로3가길 19,37.46860456,126.9438863
관악구 신림로3가길 2,37.46872018,126.9445096
관악구 신림로3가길 32,37.46896993,126.9428954
관악구 신림로3가길 32,37.46896993,126.9428954
관악구 신림로3가길 40-24,37.46909195,126.9426978
관악구 신림로3가길 45,37.46879063,126.9419743
관악구 신림로3가길 46-17,37.46972371,126.9419972
관악구 신림로3가길 46-8,37.46921958,126.9421789
관악구 신림로3가길 63,37.46872743,126.9411352
관악구 신림로7가길 34 앞,37.46960913,126.9428126
관악구 신림로7가길 34 옆,37.46960913,126.9428126
관악구 신림로7길 15,37.46984839,126.9415751
관악구 신림로7길 33,37.46911143,126.9417864
관악구 신림로7나길 27,37.46961676,126.9400152
관악구 호암로20길 13,37.46776304,126.9326943
관악구 호암로20길 25,37.46763627,126.9334617
관악구 호암로20길 33,37.46757612,126.9338506
관악구 호암로20길 7,37.46775463,126.932448
관악구 호암로22가길 6,37.46869319,126.9333917
관악구 호암로22길 15,37.46904919,126.9335913
관악구 호암로22길 5,37.46914432,126.9331533
관악구 호암로24가길 55,37.46726529,126.9338014
관악구 호암로24가길 77,37.46658351,126.9338902
관악구 호암로26가길 11,37.47021052,126.9340456
관악구 호암로26가길 53,37.46850032,126.9330777
관악구 난곡로34나길 18,37.47256441,126.9215372
관악구 난곡로40길 6,37.47521134,126.9172413
관악구 난곡로41길 28,37.47551592,126.9148198
관악구 난곡로41길 7,37.47537309,126.9160629
관악구 난곡로43길 8,37.47602812,126.9155282
관악구 난곡로45길 13,37.4762612,126.9148991
관악구 난곡로47길 23,37.47659075,126.9143407
관악구 난곡로48길 13,37.4770151,126.9165043
관악구 난곡로49길 23,37.47704072,126.9140486
관악구 난곡로51길 13,37.47799823,126.9144199
관악구 난곡로53길 14,37.47867818,126.9143774
관악구 난곡로57길 17,37.47953567,126.9138422
관악구 난곡로59길 23,37.47981332,126.9130185
관악구 난곡로61길 40,37.48026759,126.9119609
관악구 난곡로61길 6,37.48061635,126.9138053
관악구 난곡로63가길 21,37.48013861,126.9143256
관악구 난곡로63길 51,37.48047357,126.9117263
관악구 난곡로63길 65,37.48040863,126.9110953
관악구 난곡로63길 67-3,37.48026447,126.9108863
관악구 난곡로64가길 28,37.48002033,126.9153178
관악구 난곡로64가길 4,37.48107493,126.9151691
관악구 난곡로64길 55,37.48186954,126.9178261
관악구 난우10길 18,37.47606191,126.9186551
관악구 난우10길 18,37.47606191,126.9186551
관악구 난우10길 32,37.47592112,126.919404
관악구 난우16길 36,37.47766892,126.9186511
관악구 난우16길 63-14,37.47796164,126.9202228
관악구 난우길 34-16,37.47598567,126.9182955
관악구 난우길 45,37.47661558,126.9169964
관악구 남부순환로142길 70,37.4783277,126.912882
관악구 남부순환로142길 70,37.4783277,126.912882
관악구 남부순환로142길 70,37.4783277,126.912882
관악구 남부순환로142길 70,37.4783277,126.912882
관악구 남부순환로152가길 34,37.48182025,126.9168507
관악구 남부순환로152길 23,37.48166898,126.9192832
관악구 남부순환로152길 60,37.4811796,126.9188318
관악구 남부순환로154길 36,37.48102888,126.9198335
관악구 남부순환로154길 46,37.48095958,126.9195062
관악구 문성로16길 13,37.47685077,126.9136937
관악구 문성로16길 45,37.47547624,126.9132
관악구 문성로16길 45,37.47547624,126.9132
관악구 문성로16나길 21,37.47511491,126.9135413
관악구 문성로16다길 76,37.47156442,126.9099163
관악구 문성로16다길 76,37.47156442,126.9099163
관악구 미성3길 38,37.47314114,126.9174795
관악구 미성3길 40,37.47299223,126.9175369
관악구 미성5길 18,37.4738522,126.9154716
관악구 미성5길 18,37.4738522,126.9154716
관악구 미성5길 20-9,37.47399005,126.9150507
관악구 미성5길 30,37.47360174,126.9149654
관악구 미성8길 28,37.47393894,126.9125545
관악구 미성8길 3-20,37.47366474,126.9127467
관악구 미성8길 3-20,37.47366474,126.9127467
관악구 미성길 122 정문,37.47231526,126.911923
관악구 미성길 34,37.47502008,126.9155713
관악구 미성길 34,37.47502008,126.9155713
관악구 미성길 48,37.47475417,126.914517
관악구 미성길 50,37.47469924,126.9144339
관악구 미성길 64,37.47443782,126.9135249
관악구 미성길 64,37.47443782,126.9135249
관악구 법원단지3길 24,37.47529626,126.9189044
관악구 법원단지3길 34,37.4756632,126.9193354
관악구 법원단지5가길 28,37.47521479,126.9208796
관악구 법원단지5길 17,37.47502571,126.9190349
관악구 법원단지5길 64,37.47620736,126.9208886
관악구 법원단지5길 69,37.47650348,126.920935
관악구 법원단지5나길 45,37.47619463,126.9212333
관악구 법원단지5나길 66,37.47651974,126.9223909
관악구 법원단지5나길 7,37.47527874,126.9195422
관악구 법원단지5다길 26,37.47769875,126.9208433
관악구 법원단지5라길 26,37.4779781,126.9213133
관악구 법원단지5라길 26,37.4779781,126.9213133
관악구 동마길 10,37.46468772,126.9303215
관악구 성림길 7,37.4657896,126.9307454
관악구 신림로29길 3-13,37.47454071,126.9343047
관악구 신우길 3 옆,37.46176873,126.9325798
관악구 약수암길 11,37.46091415,126.9324515
관악구 양산길 11,37.47413512,126.9327739
관악구 양산길 33,37.47289231,126.932274
관악구 양지10길 15-1,37.47046486,126.9279945
관악구 양지10길 2-1,37.47054531,126.9288875
관악구 양지12길 8,37.46919567,126.9288425
관악구 양지길 41,37.4711583,126.9299897
관악구 양지길 49,37.470763,126.9293509
관악구 양지길 58,37.47044323,126.9289897
관악구 양지길 76,37.46938174,126.929375
관악구 양지길 94,37.46920204,126.9310189
관악구 원신길 233 앞,37.46298916,126.9307094
관악구 태흥길 7,37.46619768,126.9305575
관악구 호암로16길 36,37.46415657,126.9334879
관악구 호암로16길 45,37.4644738,126.933137
관악구 호암로18길 33,37.46564709,126.9334331
관악구 호암로18나길 16,37.46486809,126.9326847
관악구 호암로18나길 28 앞,37.46437696,126.9327381
관악구 호암로18나길 5,37.46528727,126.9328976
관악구 복은10길 23,37.47436302,126.9419703
관악구 복은2길 30,37.47338563,126.937503
관악구 복은4길 5,37.47414237,126.9379185
관악구 복은7길 42,37.47556985,126.9420368
관악구 복은길 12,37.47411516,126.9364177
관악구 복은길 22,37.47413511,126.937121
관악구 복은길 30,37.47418258,126.9376317
관악구 복은길 58-27,37.47424781,126.9389372
관악구 복은길 59-14,37.47506524,126.9396473
관악구 복은길 76,37.47442607,126.9396339
관악구 복은길 79,37.47485344,126.9403137
관악구 복은길129-13,37.47554256,126.9423778
관악구 서림1길 4,37.47491633,126.9381954
관악구 서림3길 59,37.47201353,126.9411018
관악구 서림3길 60,37.4718687,126.9408029
관악구 서림3길 64,37.4716121,126.9411222
관악구 서림3길 69-5,37.47184262,126.941569
관악구 서림5길 23,37.47343015,126.9401261
관악구 서림7길 39,37.47343015,126.9413165
관악구 서림7길 66,37.4722861,126.9418007
관악구 서림9길 30,37.47266513,126.9408664
관악구 서림길 107,37.47171701,126.9400137
관악구 서림길 118,37.47125557,126.9401575
관악구 서림길 40,37.47434276,126.938124
관악구 서림길 40,37.47434276,126.938124
관악구 서림길 99-6,37.47195342,126.9399034
관악구 신림로14길 31,37.47217876,126.9386102
관악구 신림로18가길 42,37.47244484,126.9343512
관악구 신림로18가길 9,37.47173878,126.9358421
관악구 신림로22길 18,37.47209585,126.9356563
관악구 신림로22길 29,37.47268811,126.9354706
관악구 신림로26길 16-4,37.47275356,126.9343915
관악구 신림로26길 5,37.47312509,126.9339773
관악구 쑥고개로2가길 6,37.47719444,126.9388004
관악구 쑥고개로2다길 18-6,37.47600417,126.9404538
관악구 쑥고개로2다길 26,37.47639779,126.9406765
관악구 쑥고개로2다길 7,37.47635877,126.9397562
관악구 쑥고개로2라길 7,37.47577927,126.9397949
관악구 참숯1길 67,37.47788596,126.9394445
관악구 참숯1길 67,37.47788596,126.9394445
관악구 참숯5길 10,37.47718537,126.9402767
관악구 참숯5길 10,37.47718537,126.9402767
관악구 참숯5길 24,37.4766164,126.9408793
관악구 남부순환로156길 9,37.48228482,126.9203057
관악구 남부순환로182길 14,37.48367604,126.931533
관악구 남부순환로182길 28,37.48309356,126.9314941
관악구 남부순환로182길 30,37.48278872,126.9315335
관악구 남부순환로184가길 17,37.48344197,126.9326192
관악구 남부순환로184가길 23,37.48321815,126.9326296
관악구 남부순환로184길 30,37.48303598,126.9320026
관악구 남부순환로190가길 23,37.48272121,126.9338588
관악구 남부순환로190가길 33,37.482213,126.9339225
관악구 남부순환로190가길 43,37.48181127,126.9339791
관악구 남부순환로190길 5,37.48442126,126.9341592
관악구 남부순환로194길 12,37.48413276,126.9347208
관악구 남부순환로194길 17,37.48399314,126.9349544
관악구 남부순환로194길 48,37.48255979,126.9348626
관악구 남부순환로194길 72,37.48182427,126.9341399
관악구 남부순환로194길 81,37.48134849,126.9341529
관악구 남부순환로194길 97,37.48068421,126.9338844
관악구 남부순환로200가길 17,37.48351814,126.9366649
관악구 남부순환로200나길 1,37.48287032,126.9371526
관악구 남부순환로200나길 26,37.48351019,126.9360413
관악구 문성로38가길 15,37.47631047,126.929262
관악구 문성로38가길 15,37.47631047,126.929262
관악구 문성로38가길 23,37.47632829,126.9288728
관악구 문성로38길 27,37.47738537,126.9303842
관악구 문성로38길 28,37.47740038,126.9301712
관악구 문성로38길 33,37.47709818,126.9303656
관악구 문성로38길 46,37.47653816,126.9300772
관악구 문성로38길 49,37.47640233,126.9302841
관악구 문성로38길 63-7,37.47581409,126.9305116
관악구 문성로38길 67,37.4755306,126.9301936
관악구 문성로38길 69-7,37.47559576,126.9304993
관악구 문성로38나길 14,37.4761734,126.929409
관악구 문성로38다길 15,37.47571953,126.9291885
관악구 문성로38다길 28,37.47593948,126.9285256
관악구 문성로38다길 29,37.47578313,126.9284741
관악구 문성로38라길 20,37.47559611,126.9290423
관악구 문성로40길 23,37.47727695,126.9313015
관악구 문성로40길 34,37.47691769,126.9309874
관악구 문성로40길 4,37.47821665,126.931304
관악구 문성로40길 5,37.47807733,126.9314976
관악구 서원10길 19,37.47624044,126.9313086
관악구 서원10길 19,37.47624044,126.9313086
관악구 서원10길 3,37.47597929,126.9321662
관악구 서원10길 4,37.47616409,126.9322035
관악구 서원3길 1,37.47714392,126.9328835
관악구 서원3길 20,37.47675147,126.9338494
관악구 서원3길 35,37.47680857,126.9346725
관악구 서원4길 13,37.47721131,126.9319861
관악구 서원4길 9,37.47711492,126.9320953
관악구 서원5길 19,37.47658285,126.93387
관악구 서원5길 22,37.47640331,126.9337533
관악구 서원5길 36,37.47625655,126.9345592
관악구 서원6길 1,37.47664976,126.9324462
관악구 서원6길 23,37.47716581,126.9313836
관악구 서원6길 28,37.47746002,126.9313536
관악구 서원7길 18,37.47605805,126.9334022
관악구 서원7길 7,37.47632418,126.9328732
관악구 서원길 18,37.47701007,126.9325734
관악구 서원길 27-3,37.47656939,126.9328176
관악구 서원길 36,37.4762447,126.9323471
관악구 서원길 4,37.47763346,126.9327009
관악구 서원길 4 사계절 DC마트,37.47763346,126.9327009
관악구 신림로31가길 11,37.47603027,126.9359495
관악구 신림로31가길 20,37.47651306,126.9362142
관악구 신림로39길 12,37.47669412,126.9353845
관악구 신림로39길 6,37.47702459,126.9353087
관악구 신림로41길 8,37.47703443,126.934753
관악구 신림로44가길 16,37.47794063,126.9348669
관악구 신림로44가길 22,37.47790013,126.9352901
관악구 신림로44가길 25,37.47803006,126.935544
관악구 신림로44가길 38,37.47778892,126.936136
관악구 신림로44가길 39,37.47793398,126.9362681
관악구 신림로44길 7,37.478313,126.9341329
관악구 신림로44나길 26,37.47808365,126.9359765
관악구 신림로46길 8,37.47831678,126.9339625
관악구 신림로48길 18,37.47908862,126.9330397
관악구 신림로48길 40,37.47932258,126.9343051
관악구 신림로48길 54,37.47973308,126.9348552
관악구 신림로48나길 21,37.47878362,126.9334321
관악구 신림로50길 17-17,37.47994026,126.9312903
관악구 신림로54가길 10,37.48070902,126.9309544
관악구 신림로54가길 5,37.48090049,126.9307382
관악구 신림로54길 8,37.48054178,126.9307346
관악구 신림로58가길 17,37.48192189,126.9314834
관악구 신림로58가길 21,37.48187614,126.9316939
관악구 신림로58길 30,37.48232755,126.9315027
관악구 신림로58길 42,37.48235055,126.9323024
관악구 신림로58길 42,37.48235055,126.9323024
관악구 신림로58길 47-6,37.48273935,126.9326608
관악구 쑥고개로3길 10,37.47835484,126.9389555
관악구 쑥고개로3길 16,37.47838942,126.9385143
관악구 쑥고개로3길 2,37.47799209,126.9390115
관악구 관천로11길 1,37.48457458,126.9246658
관악구 관천로11길 103,37.48330273,126.9192544
관악구 관천로11길 120,37.48336704,126.9183214
관악구 관천로11길 41,37.48391901,126.9226611
관악구 관천로11길 49,37.48379869,126.9222993
관악구 관천로12길 3,37.48582771,126.9247421
관악구 관천로15길 10,37.48693035,126.9220965
관악구 관천로15길 39,37.48643738,126.9203895
관악구 관천로19길 37,37.48730543,126.9199462
관악구 관천로19길 37,37.48730543,126.9199462
관악구 관천로19길 54,37.48733731,126.9189787
관악구 관천로19길 84,37.48701155,126.9173811
관악구 관천로19길 84,37.48701155,126.9173811
관악구 관천로21길 25,37.48784706,126.9202304
관악구 관천로25길 15,37.48843476,126.9198797
관악구 난곡로66길 17,37.48278371,126.9154652
관악구 난곡로75길 14,37.48575509,126.9128339
관악구 남부순환로149길 10,37.48269549,126.9161278
관악구 남부순환로149길 46,37.48388545,126.9146137
관악구 남부순환로149길 47,37.48366933,126.9145856
관악구 남부순환로151길 13,37.48285418,126.9171401
관악구 남부순환로151길 16,37.48311114,126.917204
관악구 남부순환로151길 2-5,37.48295674,126.9179755
관악구 남부순환로153길 10,37.48354146,126.9176332
관악구 남부순환로153길 51,37.48443223,126.9154403
관악구 남부순환로157길 26,37.4839334,126.9193147
관악구 남부순환로161길 48,37.48480709,126.9198089
관악구 남부순환로161길 75,37.48537273,126.9182922
관악구 남부순환로161나길 32-11,37.48512031,126.9208149
관악구 남부순환로161나길 38,37.48546809,126.9209027
관악구 남부순환로163가길 17,37.48463183,126.9206664
관악구 남부순환로163가길 25,37.48484305,126.9203103
관악구 남부순환로165길 54,37.48588923,126.9227977
관악구 남부순환로167길 14,37.4842279,126.9235294
관악구 남부순환로167길 42,37.48525906,126.9238346
관악구 남부순환로167길 42,37.48525906,126.9238346
관악구 신사로20길 8-7,37.48846182,126.9169644
관악구 신사로26길 16,37.48872347,126.9183616
관악구 신사로26길 18,37.48855664,126.9184134
관악구 신사로26길 8,37.48898763,126.91829
관악구 신사로26길 8,37.48898763,126.91829
관악구 조원로31길 11,37.48645969,126.9194983
관악구 조원로31길 32,37.48742492,126.9194301
관악구 조원로31길 7,37.48630122,126.9195167
관악구 남부순환로160길 13,37.48259338,126.921891
관악구 남부순환로160길 13,37.48259338,126.921891
관악구 남부순환로164길 24,37.48161729,126.9230507
관악구 남부순환로166길 59,37.48067794,126.9239665
관악구 남부순환로170길 13,37.48239742,126.924772
관악구 남부순환로170길 22,37.48200305,126.9247017
관악구 남부순환로172길 1,37.48342923,126.9256402
관악구 남부순환로172길 59-5,37.48238897,126.9226129
관악구 문성로25길 11,37.47960359,126.9254668
관악구 문성로28길 30,37.47803488,126.9269821
관악구 문성로30길 19,37.47842673,126.9283491
관악구 문성로30길 28,37.47811428,126.9281454
관악구 문성로31길 16,37.48006979,126.9288312
관악구 문성로38길 41,37.47679559,126.9303197
관악구 신림로53가길 5,37.47971114,126.9304793
관악구 신림로53길 3,37.47974154,126.93022
관악구 신원로3길 19-7,37.48159328,126.9271617
관악구 신원로4길 16,37.48055779,126.9285441
관악구 신원로4길 28,37.48013905,126.9289148
관악구 신원로4길 32,37.48003173,126.9290127
관악구 낙성대역10길 23-8,37.47327419,126.9631487
관악구 낙성대역10길 39,37.47296306,126.9624825
관악구 낙성대역14가길 10,37.47313248,126.9640515
관악구 낙성대역14가길 3,37.4734256,126.964339
관악구 낙성대역14길 18,37.47356151,126.9638772
관악구 낙성대역14길 3,37.47387806,126.9645102
관악구 낙성대역14길 42,37.47261943,126.9630728
관악구 낙성대역16길 29,37.47268236,126.9648942
관악구 낙성대역18길 20,37.47297682,126.965056
관악구 낙성대역18길 5,37.47356376,126.9652028
관악구 낙성대역4길 12-22,37.47580946,126.9610957
관악구 낙성대역길 24,37.47650455,126.9613944
관악구 낙성대역길 24,37.47650455,126.9613944
관악구 낙성대역길 78,37.47463136,126.9630037
관악구 남부순환로246길 30,37.47531214,126.9640683
관악구 남부순환로246길 32-19,37.47537424,126.963213
관악구 남부순환로246다길 16,37.47468185,126.9648652
관악구 남부순환로246다길 20,37.47461405,126.9649155
관악구 남부순환로246다길 30,37.47413546,126.9650567
관악구 인헌11길 9,37.4725567,126.9671419
관악구 인헌12길 32,37.47117677,126.9653369
관악구 인헌12길 47,37.47052394,126.965259
관악구 인헌12길 55,37.47022253,126.965304
관악구 인헌12다길 2,37.47126133,126.9660297
관악구 인헌13길 46,37.47178702,126.9687145
관악구 인헌14길 24,37.47080164,126.9661706
관악구 인헌15길 19,37.47166657,126.9684553
관악구 인헌15길 5,37.47141242,126.9677847
관악구 인헌16가길 37,37.46873008,126.968565
관악구 인헌16가길 47,37.46836409,126.9687909
관악구 인헌16길 25,37.46973516,126.966563
관악구 인헌16길 25-6,37.46956347,126.9666849
관악구 인헌16길 50,37.46951729,126.9653603
관악구 인헌16나길 20,37.4688172,126.9663976
관악구 인헌16나길 7,37.46931733,126.9661225
관악구 인헌16다길 19,37.46875974,126.966149
관악구 인헌16다길 31,37.46838006,126.966633
관악구 인헌16다길 42,37.46786213,126.9669995
관악구 인헌16다길 9,37.46900871,126.9657533
관악구 인헌17길 23,37.47099019,126.969083
관악구 인헌17길 9,37.47073868,126.9683715
관악구 인헌19길 25,37.4707187,126.9694178
관악구 인헌19길 3,37.47031227,126.9683415
관악구 인헌1가길 30,37.47321715,126.9686502
관악구 인헌1길 37-4,37.47471324,126.9691047
관악구 인헌1나길 24-22,37.47248912,126.9701725
관악구 인헌1나길 24-24,37.47239334,126.9701621
관악구 인헌1나길 3,37.47344785,126.9689895
관악구 인헌1나길 5,37.47344628,126.9691026
관악구 인헌1다길 35,37.47309772,126.9707081
관악구 인헌1다길 47,37.47266787,126.970856
관악구 인헌21길 35,37.47057673,126.9701139
관악구 인헌23길 18,37.46961485,126.9695579
관악구 인헌23길 34,37.47004008,126.9703547
관악구 인헌3길 14,37.47419539,126.9676259
관악구 인헌3길 41,37.47410661,126.9691098
관악구 인헌4길 11,37.47457312,126.9661787
관악구 인헌7길 8,37.47322633,126.9672566
관악구 인헌9길 19,37.47288359,126.9678302
관악구 인헌9길 46,37.47231821,126.9689545
관악구 인헌9길 77,37.4725111,126.9705292
관악구 인헌길 100,37.47112999,126.9672698
관악구 인헌길 126,37.47008818,126.967943
관악구 인헌길 151-5,37.46932135,126.9689854
관악구 인헌길 155,37.46900901,126.9689799
관악구 인헌길 167,37.46854382,126.9692448
관악구 인헌길 169-11,37.46873079,126.969729
관악구 인헌길 169-21,37.46899662,126.9698015
관악구 인헌길 169-9,37.46868437,126.9695871
관악구 인헌길 33-12,37.47366421,126.9672678
관악구 난곡로65길 24,37.48232778,126.9128285
관악구 남부순환로125길 8,37.48088394,126.9062664
관악구 남부순환로125길 8,37.48088394,126.9062664
관악구 남부순환로141길 5,37.48132898,126.9094472
관악구 남부순환로143가길 43,37.48219169,126.9081949
관악구 남부순환로143길 10 앞,37.48178239,126.9110149
관악구 남부순환로143길 27,37.48248777,126.9105196
관악구 남부순환로143길 47,37.4834054,126.9102421
관악구 남부순환로145길 11-3,37.48213441,126.9118332
관악구 시흥대로162길 16,37.48118125,126.9019879
관악구 시흥대로162길 6,37.48160777,126.9018175
관악구 시흥대로164길 13,37.48226589,126.9023157
관악구 시흥대로166길 14,37.48263161,126.9024973
관악구 조원로10길 39,37.48186316,126.9050532
관악구 조원로14길 32,37.4822947,126.9099028
관악구 조원로16가길 42,37.48254195,126.9128782
관악구 조원로16가길 51,37.48246522,126.9134034
관악구 조원로16길 40,37.48225859,126.9111239
관악구 조원로18길 18-1,37.48320608,126.9126997
관악구 조원로18길 25,37.48296651,126.9138165
관악구 조원로18길 5,37.48411997,126.9117945
관악구 조원로2길 88,37.48016666,126.9002023
관악구 조원로2길 89,37.47997554,126.9003183
관악구 조원로6길 1 건너편,37.48315354,126.9053182
관악구 조원중앙로1길 65,37.4798939,126.900976
관악구 조원중앙로2길 14,37.48071125,126.9056909
관악구 조원중앙로2길 2,37.48064825,126.9049047
관악구 조원중앙로2길 99,37.48186533,126.9102553
관악구 관악로11길 17,37.47768016,126.9512102
관악구 관악로11길 41,37.47795461,126.9498132
관악구 관악로11길 50,37.47824476,126.9494653
관악구 관악로11길 69,37.47846623,126.9483103
관악구 관악로15길 26,37.48041912,126.9509208
관악구 관악로15길 47-19,37.47972987,126.9499048
관악구 관악로15길 54,37.48057144,126.949472
관악구 관악로17길 37,37.4806983,126.9495592
관악구 관악로5길 33,37.4744535,126.9512168
관악구 관악로5길 42,37.47515157,126.9520396
관악구 남부순환로214길 41,37.47983543,126.9475439
관악구 쑥고개로21길 22,37.48016925,126.9485582
관악구 쑥고개로22길 40,37.4774092,126.9477755
관악구 쑥고개로26길 23,37.47777301,126.9497305
관악구 쑥고개로30길 11,37.47818998,126.950808
관악구 쑥고개로30길 28,37.47762439,126.950159
관악구 장군봉15길 9,37.4791692,126.9399811
관악구 장군봉15길 9,37.4791692,126.9399811
관악구 장군봉3길 24,37.48129507,126.9408944
관악구 장군봉3길 8,37.48157457,126.9402195
관악구 장군봉4길 20,37.48227937,126.9389274
관악구 장군봉5길 9,37.48120328,126.9401338
관악구 장군봉6길 1,37.4812755,126.9394871
관악구 장군봉6길 21,37.48170335,126.9386166
관악구 장군봉6길 30,37.48206823,126.9382098
관악구 장군봉6길 42,37.48232594,126.9375722
관악구 장군봉7길 16,37.48036421,126.9400707
관악구 장군봉7길 33,37.47995926,126.9407793
관악구 장군봉8길 15,37.4809706,126.9385076
관악구 장군봉9길 20,37.48015875,126.9397889
관악구 장군봉9길 5,37.4798328,126.9390884
관악구 장군봉길 59,37.48023966,126.9391027
관악구 장군봉길 85,37.47939927,126.9392417
관악구 참숯1길 57,37.47751968,126.9398995
관악구 참숯5길 6,37.47737471,126.9400977
관악구 청룡10길 10,37.47896914,126.9452055
관악구 청룡11길 13,37.47774532,126.9464437
관악구 청룡11길 28,37.47744694,126.9471411
관악구 청룡12길 1,37.4776556,126.9455016
관악구 청룡12길 11,37.47771306,126.9450559
관악구 청룡12길 21,37.47778845,126.9443503
관악구 청룡13길 15,37.47718033,126.9464665
관악구 청룡15길 14,37.47646094,126.9462745
관악구 청룡15길 26,37.47652196,126.9467936
관악구 청룡15길 30,37.47646309,126.9469966
관악구 청룡16길 16,37.47691434,126.9447096
관악구 청룡1길 19,37.48123431,126.9474496
관악구 청룡1길 42,37.48086484,126.9486015
관악구 청룡3길 22,37.48057704,126.9474287
관악구 청룡5길 6,37.48042869,126.9463451
관악구 청룡7길 38,37.47953187,126.948143
관악구 청룡7길 64,37.47938506,126.9494908
관악구 청룡8길 83,37.47987745,126.9414998
관악구 청룡9길 12,37.4786514,126.9465425
관악구 청룡9길 12-39,37.47805136,126.9464727
관악구 청룡길 112,37.47684643,126.9453632
관악구 청룡길 41,37.4799191,126.9461295
관악구 당곡2길 107,37.49269354,126.9341215
관악구 당곡2길 33,37.49125893,126.9305855
관악구 당곡6가길 1,37.49161255,126.9284109
관악구 당곡6가길 12,37.49207522,126.9286196
관악구 당곡6길 56,37.49243491,126.9304306
관악구 당곡6나길 18,37.49199451,126.9306757
관악구 당곡6나길 26,37.49218706,126.931209
관악구 당곡6나길 3,37.49219491,126.9299935
관악구 당곡6다길 29,37.49350796,126.9294176
관악구 당곡6라길 18,37.49343499,126.9302458
관악구 당곡길 68-6,37.49185482,126.9276692
관악구 보라매로6길 20,37.49250477,126.9280224
관악구 보라매로6길 34-4,37.49224175,126.928731
관악구 보라매로6길 45,37.49280495,126.9294791
관악구 보라매로6길 45-14,37.49369363,126.929099
관악구 봉천로13길 29-16,37.49017205,126.9306193
관악구 봉천로13길 90,37.49145526,126.9328887
관악구 봉천로13길 98,37.49119995,126.9330971
관악구 봉천로13나길 15,37.48969755,126.9310537
관악구 봉천로13나길 64,37.49023937,126.9335351
관악구 봉천로13다길 23,37.49119839,126.9327599
관악구 봉천로13다길 3,37.49075329,126.9317787
관악구 봉천로19길 23-14,37.48860312,126.9333884
관악구 봉천로19길 39,37.48893289,126.93368
관악구 봉천로21길 21,37.48784775,126.9340779
관악구 봉천로21길 35,37.48848957,126.9340514
관악구 봉천로21길 93,37.49105747,126.9335007
관악구 봉천로21나길 11,37.48903296,126.9346868
관악구 봉천로21나길 33,37.48888635,126.9359632
관악구 봉천로21다길 13,37.48956756,126.9345381
관악구 봉천로21다길 28,37.49022386,126.9345898
관악구 봉천로21다길 5,37.48922253,126.9344074
관악구 봉천로23길 31,37.48782261,126.9357462
관악구 봉천로23길 73,37.48937818,126.9367987
관악구 봉천로23길 92,37.48971099,126.9375745
관악구 봉천로23다길 31-4,37.48747379,126.9376242
관악구 봉천로23다길 59-3,37.48744369,126.9389926
관악구 봉천로23바길 13-25,37.48870308,126.9378153
관악구 봉천로23바길 21,37.48857958,126.9374762
관악구 은천로5길 18,37.4870699,126.9381431
관악구 은천로5길 37,37.48792825,126.9381517
관악구 국회단지12길 18,37.48865796,126.9428968
관악구 국회단지12길 3,37.48897882,126.9420974
관악구 국회단지13길 16,37.48918569,126.9410494
관악구 국회단지16길 29,37.48925459,126.9437355
관악구 국회단지18길 13,37.48969363,126.9429598
관악구 국회단지18길 32,37.48933397,126.9438812
관악구 국회단지22길 16,37.49009042,126.943031
관악구 국회단지22길 24,37.48998539,126.9435606
관악구 국회단지25길 12,37.49089449,126.9414058
관악구 국회단지27길 11,37.49107088,126.9410477
관악구 국회단지4길 9,37.48776292,126.9407516
관악구 국회단지5길 3,37.48783861,126.940088
관악구 국회단지6길 33,37.48785451,126.9424175
관악구 국회단지6길 6,37.48791713,126.9409754
관악구 국회단지7길 19,37.48827923,126.9394734
관악구 국회단지7길 26,37.48851165,126.9392271
관악구 국회단지9길 7,37.48845851,126.9405803
관악구 국회단지길 133,37.49118039,126.9414809
관악구 국회단지길 136-14,37.49115048,126.9422757
관악구 국회단지길 98,37.48982973,126.9423071
관악구 남부순환로191가길 7,37.48557868,126.934666
관악구 봉천로27길 24,37.48531337,126.9398285
관악구 봉천로27길 58-5,37.4857432,126.9421822
관악구 봉천로31길 51,37.48500253,126.9395143
관악구 봉천로33길 18,37.48399311,126.9438463
관악구 봉천로33길 34,37.48461894,126.9440337
관악구 봉천로33길 34,37.48461894,126.9440337
관악구 봉천로33나길 18,37.48564783,126.9432185
관악구 양녕로5길 17,37.4849208,126.9458797
관악구 양녕로5길 31,37.4851425,126.9452312
관악구 양녕로5길 37,37.48525479,126.9448718
관악구 양녕로5길 43,37.48520737,126.9444391
관악구 은천로10길 35,37.48486085,126.9415788
관악구 은천로2길 24,37.48560552,126.9380467
관악구 은천로2길 6,37.48603627,126.9371572
관악구 은천로8길 9,37.48568694,126.9399976
관악구 관천로16길 28,37.48731547,126.9249841
관악구 관천로18길 27,37.48800835,126.9243951
관악구 관천로18길 31,37.4879944,126.9247858
관악구 관천로20길 22,37.48800506,126.9239702
관악구 관천로22길 15,37.48858071,126.9232764
관악구 관천로22길 3,37.48843897,126.9224745
관악구 관천로22길 61,37.4888894,126.9258331
관악구 관천로22길 61,37.4888894,126.9258331
관악구 관천로22길 79,37.48864026,126.926847
관악구 관천로24길 16,37.48878174,126.92291
관악구 관천로26길 15,37.48950528,126.9217795
관악구 관천로26길 47,37.48954482,126.9236406
관악구 관천로26길 60,37.48930633,126.9243693
관악구 관천로26길 79,37.48939514,126.9254886
관악구 남부순환로185길 25,37.48582663,126.9321366
관악구 남부순환로187길 21,37.48587046,126.9333263
관악구 봉천로12길 9,37.48825179,126.9293499
관악구 봉천로14길 17,37.48752694,126.9303876
관악구 봉천로20길 7,37.48640139,126.9333597
관악구 봉천로6길 33,37.48825999,126.9257859
관악구 봉천로8길 29,37.48820214,126.9272053
관악구 봉천로8길 39,37.48769143,126.9273026
관악구 봉천로8길 7,37.48904355,126.9270562
관악구 신림동2길 5,37.48767548,126.9278037
관악구 신림동5가길 25-8,37.48626806,126.9259289
관악구 신림동길 34,37.48698458,126.9250139
관악구 신림동길 40,37.48686174,126.9243215
관악구 신림로70길 70,37.4865932,126.9324367
관악구 신림로71길 16,37.48842886,126.9273613
관악구 신림로71길 42,37.48813065,126.9260015
관악구 신림로73길 13,37.48905614,126.9273183
관악구 봉천로41길 27,37.48398893,126.9479824
관악구 봉천로43길 23,37.48425278,126.9486603
관악구 봉천로49길 20,37.4833082,126.9521245
관악구 양녕로2가길 12,37.48391337,126.9473199
관악구 양녕로2길 30,37.48318433,126.9482898
관악구 양녕로6길 81,37.48367637,126.9509969
관악구 양녕로6길 93-10,37.48390423,126.9518543
관악구 양녕로6나길 30,37.48552355,126.9498513
관악구 양녕로6다길 11-2,37.48451766,126.9498553
관악구 양녕로6다길 45,37.4843243,126.9516723
관악구 양녕로6다길 8,37.48413861,126.9499987
관악구 은천로 144,37.48620178,126.9511729
관악구 은천로24길 14,37.48620194,126.9483019
관악구 은천로26길 6,37.48622086,126.9504677
관악구 은천로28길 3 맞은편,37.48616217,126.9513863
관악구 은천로30길 10,37.48598378,126.9515202
관악구 은천로32길 5,37.48610018,126.952268
관악구 은천로34길 8,37.48579065,126.9525221
관악구 은천로35길 34-8,37.4874606,126.9543714
관악구 은천로38길 17,37.48507268,126.9548382
관악구 중앙1길 11,37.48365226,126.95329
관악구 중앙길 133,37.48622415,126.9478532
관악구 관악로24가길 16 맞은편,37.4841849,126.9570449
관악구 관악로28길 52 맞은편,37.48481936,126.9588745
관악구 남부순환로 1909 뒤,37.47811341,126.9616066
관악구 남부순환로 1945-2 뒤,37.4765767,126.9652882
관악구 남부순환로237길 21,37.47949295,126.9606089
관악구 남부순환로237길 45,37.48023677,126.9605752
관악구 남부순환로237길 47 맞은편,37.48037646,126.9606228
관악구 남부순환로237길 53 맞은편,37.48054148,126.9608198
관악구 남부순환로239길 45,37.48001007,126.9622149
관악구 남부순환로239길 51 옆,37.48025999,126.9623839
관악구 남부순환로247가길 14,37.47703897,126.9657551
관악구 남부순환로247길 23,37.47711126,126.966837
관악구 남부순환로247길 68,37.47858785,126.9655064
관악구 남부순환로247다길 10,37.47727921,126.9664734
관악구 남부순환로247다길 55,37.47838395,126.964409
관악구 남부순환로249길 8 맞은편,37.47608105,126.9675955
관악구 남부순환로251길 10-1 맞은편,37.47601009,126.9692369
관악구 솔밭로2길 17-6,37.4780692,126.9639223
관악구 솔밭로2길 17-6,37.4780692,126.9639223
관악구 솔밭로2길 9,37.47805079,126.9633004
관악구 솔밭로4길 10,37.47837602,126.9635007
관악구 솔밭로4길 11-5,37.47872407,126.9637073
관악구 솔밭로4길 12,37.4783514,126.963646
관악구 솔밭로7길 11-14,37.48031817,126.9631711
관악구 솔밭로7길 16,37.48102128,126.9632608
관악구 솔밭로7길 16,37.48102128,126.9632608
관악구 솔밭로7길 5,37.47987741,126.9635684
관악구 행운1길 58,37.48131335,126.9568599
관악구 행운1길 87,37.48251459,126.9560197
관악구 행운1나길 8-19,37.4823262,126.9556354
관악구 행운1라길 11,37.48325229,126.9569761
관악구 행운1라길 70,37.4813755,126.9589241
관악구 행운1마길 16,37.48347477,126.9554928
관악구 행운1마길 24,37.48317982,126.9552349
관악구 행운4길 21,37.47978246,126.9604825
관악구 행운4길 39,37.47947622,126.9614071
관악구 행운4길 47,37.47927019,126.9618127
관악구 행운4길 55-8,37.4792983,126.9625029
관악구 행운4길 56,37.4789331,126.9621409
관악구 행운5길 20,37.48194296,126.9592923
관악구 행운5길 24,37.48207943,126.9589983
관악구 행운5길 25,37.48194209,126.9588518
관악구 행운5길 37-11 맞은편,37.4818449,126.9581228
관악구 행운7길 14,37.48227959,126.9601133
관악구 행운7길 40-12 맞은편,37.48325273,126.9594816
관악구 행운9길 13,37.48269621,126.9604975
관악구 청림2길 28,37.48713508,126.9583212
관악구 청림3길 36,37.48968056,126.9586384
관악구 청림3길 56,37.49048756,126.9587753
관악구 청림3길 59,37.4907562,126.9586432
관악구 청림3길 84,37.49161201,126.9594338
관악구 청림3마길 14-15,37.49116755,126.9581098
관악구 청림5길 29,37.48927827,126.959578
관악구 청림5길 54,37.49035058,126.9599216
관악구 청림5길 70,37.49099975,126.9600293
관악구 청림6길 13 맞은편,37.48699521,126.9595818
관악구 관악로37길 20,37.48800244,126.9557565
관악구 관악로37길 45,37.48744627,126.9566919
관악구 은천로19길 14-10,37.48781615,126.9474524
관악구 은천로21길 10 맞은편,37.48739437,126.9477531
관악구 은천로21길 22 맞은편,37.48783627,126.9479426
관악구 은천로21길 40,37.48857456,126.9483895
관악구 은천로23길 34-14,37.48836958,126.9493076
관악구 은천로25길 37,37.48841342,126.9496171
관악구 은천로25길 51,37.48855237,126.9492209
관악구 은천로35길 11,37.4866034,126.9538149
관악구 은천로35다길 10,37.48730233,126.9535524
관악구 은천로35다길 16,37.48736406,126.9532191
관악구 은천로35라길 27,37.48809465,126.9523853
관악구 은천로35마길 16,37.48858663,126.9530122
관악구 은천로35바길 7,37.48843763,126.9543238
관악구 은천로39길 34,37.48736041,126.9554487
관악구 은천로39길 83,37.48877017,126.9536778
관악구 은천로39길 9,37.48638177,126.9549556
관악구 은천로39길 94,37.48905133,126.9531395