강남구 개포2동 167-4,37.48267938,127.06118
강남구 개포2동 169-3,37.48382233,127.0611443
강남구 개포2동 172-5,37.4844936,127.0602199
강남구 개포2동 161-4,37.48383672,127.0625753
강남구 개포4동 1262-5,37.47986798,127.0498284
강남구 개포4동 1262-2,37.48010098,127.0493887
강남구 개포4동 1262,37.48029787,127.04914
강남구 개포4동 1265-5,37.48076192,127.0486238
강남구 개포4동 1267,37.48202908,127.0491016
강남구 개포4동 1252,37.48089792,127.0478768
강남구 개포4동 1252-4,37.48080151,127.0472128
강남구 개포4동 1255,37.48003455,127.047255
강남구 개포4동 1256,37.47969669,127.0472172
강남구 개포4동 1256-2,37.47974446,127.0476304
강남구 개포4동 1263-8,37.4800779,127.0487869
강남구 개포4동 1260-2,37.47950909,127.048781
강남구 개포4동 1257-2,37.47937698,127.0475274
강남구 개포4동 1246-4,37.47877559,127.0462894
강남구 개포4동 1239-14,37.47922458,127.0446048
강남구 개포4동 1240-3,37.47893614,127.0451477
강남구 개포4동 1250-5,37.48015764,127.046764
강남구 개포4동 1238,37.47816476,127.0449891
강남구 개포4동 1239-10,37.47978763,127.045052
강남구 개포4동 1242-4,37.47971702,127.0459162
강남구 개포4동 1250-7,37.47984286,127.0466972
강남구 개포4동 1211-8,37.47851707,127.0519889
강남구 개포4동 1209-9,37.47793535,127.0514254
강남구 개포4동 1208-6,37.47771266,127.0511374
강남구 개포4동 1207-5,37.47754838,127.050768
강남구 개포4동 1208-8,37.47780704,127.050818
강남구 개포4동 1217-6,37.47879037,127.048974
강남구 개포4동 1215-4,37.47816656,127.0492927
강남구 개포4동 1206-8,37.47788766,127.0495794
강남구 개포4동 1204,37.47713879,127.0499015
강남구 개포4동 1203-2,37.476806,127.0500175
강남구 개포4동 1219-6,37.47643746,127.0494448
강남구 개포4동 1202-1,37.47654541,127.0500645
강남구 개포4동 1201-5,37.47659232,127.0507772
강남구 개포4동 1202-9,37.47674393,127.0510346
강남구 개포4동 1201-9,37.47619676,127.0501746
강남구 개포4동 1203-1,37.47672082,127.0498871
강남구 개포4동 1203-6,37.47715573,127.0505395
강남구 개포4동 1190,37.47371538,127.0497523
강남구 개포4동 1220,37.47603243,127.0490637
강남구 개포4동 1231-17,37.47775847,127.0478167
강남구 개포4동 1233-10,37.47722004,127.0475581
강남구 개포4동 1233-12,37.4770812,127.0475298
강남구 개포4동 1234,37.47780061,127.0465085
강남구 개포4동 1229-3,37.47753908,127.0452726
강남구 개포4동 1229-15,37.47637321,127.0467945
강남구 개포4동 1235-15,37.47712338,127.0465924
강남구 개포4동 1230,37.47657242,127.0472498
강남구 개포4동 1223,37.47567955,127.0487466
강남구 개포4동 1224-2,37.47534935,127.0482472
강남구 개포4동 1195-6,37.47452158,127.0489394
강남구 개포4동 1193-5,37.47456247,127.0494058
강남구 개포4동 1190-11,37.47362011,127.0496077
강남구 개포4동 1163,37.47285506,127.0500354
강남구 개포4동 1169-8,37.4722232,127.0510545
강남구 개포4동 1169-7,37.47231882,127.0511998
강남구 개포4동 1171-6,37.47296297,127.0513735
강남구 개포4동 1189-10,37.47349707,127.0505817
강남구 개포4동 1185,37.47422943,127.0513665
강남구 개포4동 1176-4,37.47400398,127.0526318
강남구 개포4동 1176-3,37.47388887,127.0527533
강남구 개포4동 1177-8,37.47440235,127.0527691
강남구 개포4동 1185-4,37.47435947,127.0519283
강남구 개포4동 1167,37.47321112,127.0523791
강남구 개포4동 1164-20,37.47394746,127.0541058
강남구 개포4동 1181-4,37.47484919,127.0542912
강남구 개포4동 1182-3,37.47506477,127.0543668
강남구 개포4동 1182,37.47537604,127.0540395
강남구 개포4동 1180-9,37.47504101,127.05351
강남구 개포4동 1165,37.47410962,127.0537444
강남구 논현1동 36-1,37.51529648,127.0289192
강남구 논현1동 34,37.51647765,127.0287642
강남구 논현1동 33-23,37.51679887,127.0290786
강남구 논현1동 32-13,37.51721581,127.0281506
강남구 논현1동 31-9,37.51680575,127.0270409
강남구 논현1동 10-5,37.51760354,127.025648
강남구 논현1동 10-1,37.5173522,127.0250453
강남구 논현1동 27,37.51662435,127.0259401
강남구 논현1동 11-22,37.51621813,127.0249059
강남구 논현1동 12-8,37.51586576,127.0244355
강남구 논현1동 14-3,37.51569552,127.0237314
강남구 논현1동 4-25,37.51676195,127.0228456
강남구 논현1동 21-2,37.51472419,127.0211458
강남구 논현1동 26,37.51548988,127.0252037
강남구 논현1동 41-1,37.51402613,127.0246965
강남구 논현1동 43,37.5137758,127.0239482
강남구 논현1동 45,37.51349738,127.0231153
강남구 논현1동 47-12,37.51285853,127.0223336
강남구 논현1동 47-17,37.51263357,127.022732
강남구 논현1동 43-5,37.51299203,127.0243451
강남구 논현1동 41-16,37.5137562,127.0246216
강남구 논현1동 42-5,37.51379388,127.0258237
강남구 논현1동 57-4,37.51357581,127.0271476
강남구 논현1동 39,37.51478261,127.0271465
강남구 논현1동 28-14,37.51555912,127.0266442
강남구 논현1동 28-21,37.51566072,127.0268086
강남구 논현1동 27-3,37.51614669,127.0265466
강남구 논현1동 39-10,37.51483699,127.0273261
강남구 논현1동 38-5,37.51441599,127.0283032
강남구 논현1동 151,37.51154906,127.0302417
강남구 논현1동 151-3,37.51122296,127.0303449
강남구 논현1동 150-11,37.51066375,127.0294492
강남구 논현1동 150,37.51068848,127.028902
강남구 논현1동 127-16,37.51163429,127.0291925
강남구 논현1동 153-1,37.51040057,127.0308333
강남구 논현1동 175,37.51031832,127.0318138
강남구 논현1동 174-6,37.50986795,127.0309703
강남구 논현1동 173-15,37.50962709,127.0303686
강남구 논현1동 176-10,37.50935055,127.0315055
강남구 논현1동 176-5,37.50922716,127.0312989
강남구 논현1동 191-4,37.50859565,127.0326175
강남구 논현1동 192-12,37.50752144,127.0327284
강남구 논현1동 193-20,37.50732435,127.0312106
강남구 논현1동 193-18,37.50759388,127.0310833
강남구 논현1동 193-4,37.50811148,127.0315142
강남구 논현1동 179-6,37.50792753,127.0296611
강남구 논현1동 179-14,37.50767259,127.0287285
강남구 논현1동 188,37.50751902,127.0285335
강남구 논현1동 205,37.50662432,127.0296484
강남구 논현1동 204,37.50634188,127.0288202
강남구 논현1동 202-10,37.50555832,127.027099
강남구 논현1동 199-20,37.50588161,127.024593
강남구 논현1동 162-12,37.50842987,127.0248237
강남구 논현1동 162-11,37.5085146,127.0251022
강남구 논현1동 139-28,37.51028916,127.0253738
강남구 논현1동 123-9,37.51103503,127.0244367
강남구 논현1동 124-40,37.51155747,127.0246489
강남구 논현1동 124-14,37.51171332,127.0252054
강남구 논현1동 137-20,37.51093584,127.0264422
강남구 논현1동 137-18,37.51086785,127.0267089
강남구 논현1동 137-16,37.51104107,127.0268842
강남구 논현2동 99-19,37.52061649,127.0377388
강남구 논현2동 99-23,37.52095344,127.0383721
강남구 논현2동 103-1,37.51986265,127.0384992
강남구 논현2동 103,37.51963049,127.0381308
강남구 논현2동 104,37.519197,127.0379135
강남구 논현2동 104-5,37.51927744,127.038513
강남구 논현2동 104-37,37.51918837,127.0394852
강남구 논현2동 104-30,37.51910784,127.0391494
강남구 논현2동 104-23,37.51905203,127.0387294
강남구 논현2동 104-19,37.51891076,127.038156
강남구 논현2동 107-5,37.51847103,127.0371602
강남구 논현2동 106-14,37.51779324,127.0361605
강남구 논현2동 107-38,37.51750488,127.0368708
강남구 논현2동 107-44,37.51783432,127.0373539
강남구 논현2동 108-2,37.51804812,127.037938
강남구 논현2동 108-10,37.51784949,127.0383671
강남구 논현2동 62-6,37.52063436,127.0328065
강남구 논현2동 64-8,37.51929402,127.0311806
강남구 논현2동 72-4,37.51875324,127.0321964
강남구 논현2동 70,37.51985637,127.0336878
강남구 논현2동 76-14,37.51823201,127.032849
강남구 논현2동 76,37.51816573,127.0317208
강남구 논현2동 66-29,37.51824416,127.0294884
강남구 논현2동 80-5,37.51689608,127.0301944
강남구 논현2동 79,37.51690578,127.031004
강남구 논현2동 75-9,37.51733377,127.031955
강남구 논현2동 77-23,37.51677255,127.0328995
강남구 논현2동 77-25,37.51709943,127.0328924
강남구 논현2동 77-29,37.51775546,127.0328653
강남구 논현2동 270-23,37.51126876,127.0415054
강남구 논현2동 271-14,37.51080325,127.0403399
강남구 논현2동 272-27,37.51052809,127.0400507
강남구 논현2동 265-25,37.51194429,127.0408408
강남구 논현2동 255-21,37.51329199,127.0403921
강남구 논현2동 255-5,37.51390107,127.040654
강남구 논현2동 253-12,37.51415276,127.0405238
강남구 논현2동 253-7,37.51457267,127.0404161
강남구 논현2동 242-36,37.51489653,127.0408022
강남구 논현2동 242-2,37.51564311,127.040268
강남구 논현2동 244,37.51482217,127.0390155
강남구 논현2동 253,37.51423101,127.0393439
강남구 논현2동 256-8,37.51373454,127.0396573
강남구 논현2동 256,37.51310214,127.0390576
강남구 논현2동 257-6,37.51257088,127.0388784
강남구 논현2동 251-1,37.51349278,127.0380784
강남구 논현2동 246-27,37.51463425,127.0372717
강남구 논현2동 248-4,37.51446969,127.0362103
강남구 논현2동 249-6,37.51259484,127.0360624
강남구 논현2동 261-7,37.51185523,127.0365817
강남구 논현2동 262-28,37.51111527,127.0376216
강남구 논현2동 262-31,37.51107092,127.0379488
강남구 논현2동 218-12,37.51228137,127.0349131
강남구 논현2동 211-5,37.51359819,127.0345889
강남구 논현2동 217,37.51231545,127.032619
강남구 논현2동 227-4,37.51001853,127.0347771
강남구 논현2동 226-7,37.50996192,127.0351744
강남구 논현2동 227-9,37.5097751,127.0343987
강남구 논현2동 229-12,37.50927956,127.0343742
강남구 논현2동 229-20,37.50929626,127.0351825
강남구 대치1동 1017-4,37.49724145,127.0605094
강남구 대치1동 1026-4,37.49774958,127.0591554
강남구 대치1동 1015-3,37.49717498,127.0583036
강남구 대치1동 1023-19,37.49700569,127.056618
강남구 대치2동 951-7,37.5065693,127.0620611
강남구 대치2동 944-27,37.50673426,127.0608649
강남구 대치2동 956-6,37.50618615,127.0600423
강남구 대치2동 954-3,37.50542235,127.0604275
강남구 대치2동 953-13,37.50444902,127.0609083
강남구 대치2동 954-12,37.50505153,127.0601845
강남구 대치2동 955-15,37.50469268,127.0596249
강남구 대치2동 958-5,37.50464373,127.0589477
강남구 대치2동 960-2,37.50379397,127.0589997
강남구 대치2동 967-10,37.50421155,127.0635794
강남구 대치2동 980-1,37.50302396,127.0628574
강남구 대치2동 965-24,37.50326104,127.0612647
강남구 대치2동 971-15,37.50280519,127.0620094
강남구 대치2동 979-16,37.5022161,127.0627169
강남구 대치2동 979-10,37.50224202,127.0622672
강남구 대치2동 982-4,37.50217463,127.0649258
강남구 대치2동 987-5,37.50041994,127.0630714
강남구 대치2동 975-19,37.50035192,127.0622122
강남구 대치2동 962-20,37.50157987,127.0601848
강남구 대치2동 962-14,37.50212605,127.0600218
강남구 대치4동 903,37.50307959,127.056548
강남구 대치4동 901-66,37.50413566,127.0559725
강남구 대치4동 901-37,37.50354871,127.0547101
강남구 대치4동 904-1,37.50257075,127.055489
강남구 대치4동 905-17,37.50232878,127.0548154
강남구 대치4동 901-28,37.50321615,127.0546963
강남구 대치4동 900-59,37.50303364,127.0536505
강남구 대치4동 900-38,37.50220178,127.0531542
강남구 대치4동 890-57,37.50374143,127.0517027
강남구 대치4동 899-23,37.502075,127.0513492
강남구 대치4동 899-34,37.50178805,127.0519199
강남구 대치4동 920-3,37.50005613,127.0523351
강남구 대치4동 916-15,37.50087449,127.0557443
강남구 대치4동 916-25,37.50130303,127.0564486
강남구 대치4동 916-34,37.5013274,127.0571142
강남구 대치4동 912-16,37.50238194,127.0580219
강남구 대치4동 930-16,37.49987845,127.0588595
강남구 대치4동 929-12,37.5001531,127.0582501
강남구 대치4동 933-6,37.4993114,127.0578507
강남구 대치4동 934-4,37.49880407,127.0563078
강남구 대치4동 935-33,37.49786866,127.0547499
강남구 대치4동 935-21,37.49819165,127.0557579
강남구 대치4동 939-18,37.49795559,127.0561303
강남구 대치4동 940-13,37.49828107,127.0579085
강남구 대치4동 940-4,37.49861355,127.0580814
강남구 대치4동 941-15,37.49938253,127.0601236
강남구 도곡1동 548-1,37.49075837,127.0385184
강남구 도곡1동 546-9,37.49084482,127.0375335
강남구 도곡1동 547-6,37.49037463,127.0376735
강남구 도곡1동 551-21,37.49022646,127.0361048
강남구 도곡1동 941-8,37.48939377,127.034519
강남구 도곡1동 946-1,37.48881722,127.0325953
강남구 도곡1동 945-16,37.48865263,127.0340911
강남구 도곡1동 944-9,37.48899998,127.0340802
강남구 도곡1동 945-14,37.48856267,127.033925
강남구 도곡1동 948-23,37.48793125,127.0338902
강남구 도곡1동 949-3,37.48718204,127.0333566
강남구 도곡1동 948-14,37.48692445,127.0339488
강남구 도곡1동 951-5,37.48685682,127.0347681
강남구 도곡1동 951-18,37.48645187,127.0348979
강남구 도곡1동 951-11,37.48640873,127.0342061
강남구 도곡1동 950-10,37.48637606,127.0356204
강남구 도곡1동 954-17,37.4855846,127.0356399
강남구 도곡1동 955-5,37.48577105,127.0361493
강남구 도곡1동 959-10,37.48643218,127.0362455
강남구 도곡2동 422-8,37.4843111,127.0461016
강남구 도곡2동 459-5,37.48349036,127.0466079
강남구 도곡2동 456-15,37.48352286,127.0452746
강남구 도곡2동 423-15,37.48334969,127.0448035
강남구 도곡2동 450-2,37.48218971,127.0443616
강남구 도곡2동 424-13,37.48267029,127.0441745
강남구 도곡2동 515-8,37.48373743,127.0427445
강남구 도곡2동 514-6,37.48417375,127.0425966
강남구 도곡2동 515-4,37.48298607,127.0427788
강남구 도곡2동 416-6,37.4852208,127.0443501
강남구 도곡2동 455,37.4831507,127.0451667
강남구 삼성1동 57-5,37.51913765,127.0555922
강남구 삼성1동 60-12,37.51875931,127.0546354
강남구 삼성1동 61-2,37.51785986,127.0551804
강남구 삼성1동 60-2,37.51804535,127.0544707
강남구 삼성1동 60-24,37.51809155,127.0539245
강남구 삼성1동 54-6,37.51802188,127.0523565
강남구 삼성1동 65-6,37.51707486,127.0518939
강남구 삼성1동 64-6,37.51727407,127.0527308
강남구 삼성1동 69-8,37.51533579,127.0534071
강남구 삼성1동 111-78,37.51572722,127.0537402
강남구 삼성1동 71-6,37.5139074,127.0536747
강남구 삼성1동 108-3,37.51520135,127.0624416
강남구 삼성1동 109-4,37.51557248,127.0644384
강남구 삼성1동 101-8,37.51603713,127.0644243
강남구 삼성1동 98-14,37.51718256,127.0631308
강남구 삼성1동 104-14,37.51651059,127.0627852
강남구 삼성1동 104,37.51614816,127.0622074
강남구 삼성1동 106-5,37.51532686,127.0608786
강남구 삼성1동 91-42,37.51565772,127.0603392
강남구 삼성1동 90-19,37.51624815,127.060336
강남구 삼성1동 91-15,37.51634834,127.0613862
강남구 삼성1동 92-3,37.51671106,127.0619514
강남구 삼성1동 94,37.51766455,127.0618525
강남구 삼성1동 98,37.51778584,127.0630149
강남구 삼성1동 96-17,37.51814353,127.063698
강남구 삼성1동 96-9,37.51852606,127.0641028
강남구 삼성1동 95-5,37.51820467,127.0622565
강남구 삼성1동 95,37.51814209,127.0614949
강남구 삼성1동 95-4,37.5182914,127.0619886
강남구 삼성1동 85,37.51830392,127.060603
강남구 삼성1동 90-21,37.51684516,127.060842
강남구 삼성1동 89,37.51703597,127.0600046
강남구 삼성2동 47-20,37.5130595,127.0496724
강남구 삼성2동 24-1,37.51565768,127.0497969
강남구 삼성2동 26-22,37.51502052,127.0488532
강남구 삼성2동 27-5,37.5146643,127.0476528
강남구 삼성2동 27-14,37.51401357,127.0479349
강남구 삼성2동 46-7,37.51276473,127.0485186
강남구 삼성2동 45-10,37.51243591,127.049699
강남구 삼성2동 27-23,37.51472014,127.0481643
강남구 삼성2동 29,37.51433958,127.0453789
강남구 삼성2동 31-20,37.51377824,127.0453966
강남구 삼성2동 30-1,37.51405461,127.044365
강남구 삼성2동 34-7,37.51367292,127.0429849
강남구 삼성2동 33-22,37.51286443,127.0440147
강남구 삼성2동 35-26,37.5114077,127.0442185
강남구 삼성2동 38,37.51143015,127.0453622
강남구 삼성2동 38-6,37.51138672,127.0458362
강남구 삼성2동 29-18,37.51389471,127.0459517
강남구 삼성2동 29-22,37.51409571,127.0459883
강남구 삼성2동 29-11,37.51336992,127.0458379
강남구 삼성2동 40-22,37.51299776,127.0457275
강남구 삼성2동 114-37,37.51105368,127.0492518
강남구 삼성2동 115-11,37.5109905,127.0505968
강남구 삼성2동 122-15,37.5108486,127.0524204
강남구 삼성2동 124-27,37.50896103,127.0533671
강남구 삼성2동 124-8,37.50927639,127.0523415
강남구 삼성2동 124-26,37.50884041,127.0533094
강남구 삼성2동 140-14,37.5063072,127.0490118
강남구 삼성2동 125-31,37.50996795,127.0538453
강남구 삼성2동 118-22,37.51182429,127.0528609
강남구 삼성2동 118-20,37.51191817,127.0526505
강남구 삼성2동 117-9,37.51183444,127.0517027
강남구 삼성2동 117-12,37.51195752,127.0521107
강남구 삼성2동 117-15,37.51210968,127.0525609
강남구 세곡동 348-1,37.46799371,127.1009924
강남구 세곡동 367-11,37.4686252,127.1006056
강남구 세곡동 364-4,37.46874589,127.09981
강남구 세곡동 372,37.4683559,127.099951
강남구 세곡동 374-1,37.46824509,127.0994037
강남구 세곡동 429,37.46836744,127.0978999
강남구 세곡동 442-2,37.46859866,127.0961179
강남구 세곡동 421,37.46756269,127.0974291
강남구 세곡동 422-20,37.46766458,127.0987517
강남구 세곡동 375-2,37.46792085,127.0999996
강남구 세곡동 102-30,37.46597187,127.109076
강남구 세곡동 104-7,37.46635313,127.1096153
강남구 세곡동 100-33,37.46578992,127.109599
강남구 세곡동 168-7,37.46304883,127.1068833
강남구 세곡동 175-11,37.46315884,127.1055798
강남구 세곡동 171-15,37.46364026,127.1054721
강남구 자곡동 220-46,37.48127829,127.1006739
강남구 자곡동 302-17,37.48085199,127.1036286
강남구 자곡동 440-33,37.47356051,127.0998284
강남구 자곡동 440-129,37.47438801,127.0979919
강남구 자곡동 607,37.47299518,127.0978315
강남구 율현동 251-9,37.47299347,127.1062768
강남구 율현동 298-10,37.47192287,127.1059992
강남구 율현동 300-11,37.47226789,127.1051607
강남구 율현동 308-11,37.47052583,127.1050156
강남구 율현동 319-13,37.47005393,127.1043493
강남구 율현동 320-1,37.47034411,127.1034683
강남구 수서동 462-5,37.48547371,127.0981455
강남구 수서동 467-11,37.48507487,127.0991786
강남구 수서동 471-11,37.48496278,127.0992971
강남구 신사동 528-6,37.52274923,127.020714
강남구 신사동 506,37.52073869,127.0194125
강남구 신사동 507,37.51966789,127.0196791
강남구 신사동 522-17,37.52100636,127.0200437
강남구 신사동 522-15,37.52090712,127.0202791
강남구 신사동 545-22,37.5201317,127.023275
강남구 신사동 554-33,37.52107629,127.024278
강남구 신사동 561-3,37.51959235,127.0251223
강남구 신사동 558,37.52059722,127.0260394
강남구 신사동 558-1,37.52075805,127.0259929
강남구 신사동 554-1,37.52165067,127.023924
강남구 신사동 552-14,37.52240189,127.0249653
강남구 신사동 551-11,37.52224519,127.0237091
강남구 신사동 551-22,37.52242063,127.0240978
강남구 신사동 552-19,37.52263535,127.0253036
강남구 신사동 567-2,37.52317876,127.0256832
강남구 신사동 567-35,37.52309471,127.026019
강남구 신사동 570-11,37.52425762,127.0264767
강남구 압구정동 649-5,37.52532313,127.0351685
강남구 압구정동 647-3,37.52524872,127.0360372
강남구 압구정동 651-10,37.52323726,127.0368078
강남구 압구정동 633-3,37.52457446,127.0337257
강남구 압구정동 622-5,37.52602194,127.0326809
강남구 압구정동 624-25,37.52492361,127.0320698
강남구 압구정동 627,37.52429267,127.032283
강남구 압구정동 625-5,37.52415491,127.0319388
강남구 압구정동 625-2,37.52416675,127.031475
강남구 압구정동 601,37.52439863,127.0298896
강남구 압구정동 606-5,37.52489325,127.0310421
강남구 압구정동 608-17,37.52558077,127.0304658
강남구 압구정동 609-2,37.52565852,127.0294436
강남구 압구정동 609-3,37.52562826,127.0297589
강남구 압구정동 613-9,37.52660518,127.0305937
강남구 압구정동 613-7,37.52705434,127.0305582
강남구 압구정동 620,37.52739076,127.0309572
강남구 압구정동 604,37.52501078,127.0294919
강남구 압구정동 627-30,37.52361556,127.0323165
강남구 압구정동 626-65,37.52309598,127.0318749
강남구 압구정동 595-13,37.52290606,127.0311391
강남구 압구정동 595-8,37.52306708,127.0307763
강남구 압구정동 597-6,37.52282431,127.0295142
강남구 압구정동 593-32,37.52223274,127.0297635
강남구 압구정동 626-19,37.52358005,127.0313313
강남구 역삼1동 694-6,37.50674633,127.0463982
강남구 역삼1동 695-25,37.50660282,127.0458803
강남구 역삼1동 683-6,37.50840917,127.0437069
강남구 역삼1동 681-46,37.50916469,127.042146
강남구 역삼1동 680-1,37.50831198,127.0397883
강남구 역삼1동 687-3,37.50795389,127.0406856
강남구 역삼1동 689-32,37.50679128,127.0410693
강남구 역삼1동 690-16,37.50659349,127.041885
강남구 역삼1동 690-29,37.50741207,127.042083
강남구 역삼1동 685-33,37.50808436,127.0421906
강남구 역삼1동 684-20,37.50865772,127.0430512
강남구 역삼1동 695-18,37.50685433,127.0450655
강남구 역삼1동 695-6,37.50623795,127.0457708
강남구 역삼1동 695-7,37.50614726,127.0459179
강남구 역삼1동 691-37,37.50616609,127.0435197
강남구 역삼1동 692-20,37.50706279,127.0437317
강남구 역삼1동 698-14,37.5068408,127.044396
강남구 역삼1동 697-3,37.50633909,127.0451975
강남구 역삼1동 695-21,37.50695975,127.0452933
강남구 역삼1동 674-43,37.50446004,127.0407402
강남구 역삼1동 674-4,37.50460609,127.0402214
강남구 역삼1동 673-13,37.50476677,127.0395953
강남구 역삼1동 672-20,37.50444221,127.039121
강남구 역삼1동 671-31,37.50443589,127.0383182
강남구 역삼1동 666-14,37.5045569,127.0363195
강남구 역삼1동 667-4,37.50470345,127.0358772
강남구 역삼1동 666-1,37.50497642,127.0362872
강남구 역삼1동 660-24,37.50557171,127.0371449
강남구 역삼1동 660-33,37.50578136,127.0377556
강남구 역삼1동 663-2,37.50567206,127.0383421
강남구 역삼1동 663-29,37.50580686,127.0396763
강남구 역삼1동 663-26,37.50565792,127.0391734
강남구 역삼1동 663-20,37.50545434,127.038483
강남구 역삼1동 663-19,37.5053872,127.0382525
강남구 역삼1동 660-32,37.50593339,127.037686
강남구 역삼1동 661-21,37.50644813,127.0388082
강남구 역삼1동 656-20,37.50713997,127.0389385
강남구 역삼1동 655-13,37.50691446,127.0372158
강남구 역삼1동 650-20,37.50649218,127.035088
강남구 역삼1동 607-25,37.50525676,127.0340258
강남구 역삼1동 608-27,37.50430388,127.033633
강남구 역삼1동 608-25,37.50431681,127.0331454
강남구 역삼1동 609-23,37.50461429,127.0326371
강남구 역삼1동 609-8,37.50482017,127.0323112
강남구 역삼1동 610-9,37.50515164,127.0316647
강남구 역삼1동 615-46,37.50413746,127.0285137
강남구 역삼1동 619-7,37.50218505,127.0274596
강남구 역삼1동 619-24,37.50139766,127.0274614
강남구 역삼1동 620-21,37.50129952,127.0290668
강남구 역삼1동 621-33,37.5019843,127.0293707
강남구 역삼1동 621-34,37.50212721,127.0293037
강남구 역삼1동 621-5,37.50222518,127.0284663
강남구 역삼1동 622-10,37.50290971,127.029411
강남구 역삼1동 633-6,37.50292596,127.0310276
강남구 역삼1동 623-27,37.50390058,127.0299827
강남구 역삼1동 613-11,37.50450456,127.0305464
강남구 역삼1동 612-8,37.5045056,127.0317229
강남구 역삼1동 624-15,37.50384423,127.0315333
강남구 역삼1동 632-12,37.50255914,127.0318097
강남구 역삼1동 632-7,37.50188401,127.0318421
강남구 역삼1동 636-1,37.50105281,127.0312145
강남구 역삼1동 636-24,37.50069318,127.0313777
강남구 역삼1동 645-11,37.50138379,127.0333936
강남구 역삼1동 644-2,37.50126865,127.0343103
강남구 역삼1동 643-2,37.50201426,127.0345031
강남구 역삼1동 745-3,37.4975673,127.0376107
강남구 역삼1동 747-2,37.49548441,127.0371372
강남구 역삼1동 745-14,37.49707541,127.0368392
강남구 역삼1동 741-17,37.49749983,127.0349311
강남구 역삼1동 741-14,37.49779801,127.0344801
강남구 역삼1동 741-33,37.49687724,127.0345892
강남구 역삼1동 741-23,37.49717859,127.0350242
강남구 역삼1동 739-12,37.49819152,127.0358575
강남구 역삼1동 739-15,37.49771978,127.0360885
강남구 역삼1동 744-1,37.49718298,127.0360232
강남구 역삼1동 744-3,37.49699785,127.0359198
강남구 역삼1동 830-20,37.49430834,127.0321982
강남구 역삼1동 827-68,37.49573515,127.0322879
강남구 역삼1동 828-19,37.49716534,127.0328436
강남구 역삼1동 796-2,37.493946,127.0389137
강남구 역삼1동 796-5,37.4937929,127.0389871
강남구 역삼1동 834-68,37.49305097,127.0350863
강남구 역삼1동 836-26,37.49228055,127.0334256
강남구 역삼1동 836-28,37.49205536,127.0335285
강남구 역삼1동 836-21,37.490985,127.0337051
강남구 역삼1동 836-65,37.49139644,127.0342006
강남구 역삼1동 794-22,37.49258846,127.0372288
강남구 역삼1동 793-32,37.49212693,127.0370402
강남구 역삼1동 799-16,37.4921172,127.038465
강남구 역삼1동 795-25,37.49249614,127.0387952
강남구 역삼1동 795-12,37.49315971,127.0383304
강남구 역삼1동 795-15,37.49302359,127.0379751
강남구 역삼1동 794-17,37.49292764,127.0376534
강남구 역삼1동 794-25,37.49246316,127.0379874
강남구 역삼2동 760,37.4969687,127.0466261
강남구 역삼2동 760-2,37.49706417,127.046946
강남구 역삼2동 760-7,37.49666003,127.0472668
강남구 역삼2동 758,37.49745045,127.0480144
강남구 역삼2동 766-1,37.49581965,127.0497143
강남구 역삼2동 756-5,37.49773827,127.0513527
강남구 역삼2동 782-45,37.49390059,127.0412988
강남구 역삼2동 784-7,37.49493451,127.045906
강남구 역삼2동 783-19,37.49489485,127.0447669
강남구 역삼2동 780-24,37.49561563,127.044841
강남구 역삼2동 780-29,37.49513323,127.0443717
강남구 역삼2동 781-40,37.49422642,127.041244
강남구 역삼2동 780,37.49522761,127.0430241
강남구 역삼2동 777-14,37.49560108,127.0420156
강남구 역삼2동 776-1,37.49535463,127.040277
강남구 역삼2동 773-1,37.49745214,127.0443997
강남구 역삼2동 771-11,37.49729201,127.0434747
강남구 역삼2동 771-19,37.49677985,127.0423138
강남구 역삼2동 771-16,37.49694033,127.042779
강남구 역삼2동 734-11,37.49677458,127.039869
강남구 역삼2동 725-57,37.49843964,127.0398558
강남구 역삼2동 725-14,37.49970288,127.0395075
강남구 역삼2동 725-19,37.49949957,127.0399118
강남구 역삼2동 728-38,37.49784352,127.0406889
강남구 역삼2동 728-47,37.49825867,127.0410482
강남구 역삼2동 723-13,37.49979854,127.0409135
강남구 역삼2동 724-3,37.49917081,127.0411712
강남구 역삼2동 724-2,37.49916605,127.0413752
강남구 역삼2동 722-8,37.4997931,127.0420151
강남구 역삼2동 724-31,37.4996255,127.0423036
강남구 역삼2동 728-45,37.49849266,127.041066
강남구 역삼2동 729-25,37.49807517,127.0417155
강남구 역삼2동 732-27,37.49748591,127.0419751
강남구 일원1동 683-17,37.49090193,127.0812889
강남구 일원1동 680-8,37.4903901,127.0833057
강남구 일원1동 674-2,37.49062791,127.0833823
강남구 일원1동 678-4,37.4909091,127.0830286
강남구 일원1동 671-12,37.49123567,127.083606
강남구 일원1동 627-15,37.49276378,127.0843625
강남구 일원1동 663-7,37.49240284,127.0842332
강남구 일원1동 628-6,37.49313455,127.0842275
강남구 일원1동 628-9,37.49344181,127.0840797
강남구 일원1동 625-21,37.49365085,127.0836775
강남구 일원1동 625-25,37.49349361,127.0832004
강남구 일원1동 623-10,37.49336155,127.0829006
강남구 일원1동 622-10,37.49316232,127.0822713
강남구 일원1동 622-9,37.49322041,127.082449
강남구 일원1동 620-10,37.49302288,127.0818431
강남구 일원1동 620-9,37.49308087,127.082021
강남구 일원1동 620-14,37.49341819,127.0816545
강남구 일원1동 622-17,37.49385579,127.0819341
강남구 일원1동 623-19,37.49402544,127.0823442
강남구 일원1동 629-19,37.49440125,127.0836242
강남구 일원1동 629-2,37.49446122,127.0838081
강남구 일원1동 639-5,37.49530453,127.0853544
강남구 일원1동 627-7,37.49319078,127.0850903
강남구 일원1동 646-5,37.49116855,127.0873242
강남구 일원1동 661-3,37.49124897,127.0852866
강남구 일원1동 657-6,37.49175013,127.0855094
강남구 일원1동 661-1,37.4914724,127.0851837
강남구 일원본동 723-3,37.48301186,127.0792183
강남구 일원본동 722-2,37.48278733,127.078805
강남구 일원본동 729-11,37.48292458,127.0778154
강남구 일원본동 729-8,37.48319015,127.0777554
강남구 일원본동 728-5,37.48343442,127.0780102
강남구 일원본동 729-1,37.48375462,127.0776277
강남구 일원본동 728-9,37.48391716,127.077902
강남구 일원본동 724-7,37.48391088,127.078818
강남구 일원본동 720-7,37.48399402,127.0792569
강남구 일원본동 720-3,37.48365858,127.0795111
강남구 청담동 127-2,37.52606668,127.0519257
강남구 청담동 102-1,37.5286674,127.0465611
강남구 청담동 101-3,37.52776223,127.0459515
강남구 청담동 110,37.52736078,127.0508935
강남구 청담동 105-1,37.52795746,127.0493234
강남구 청담동 117-22,37.52668297,127.0485241
강남구 청담동 104-5,37.52812218,127.0488685
강남구 청담동 94,37.52554225,127.0435577
강남구 청담동 94-6,37.5253902,127.0441744
강남구 청담동 4-13,37.52315068,127.0439041
강남구 청담동 4-10,37.52314772,127.0433827
강남구 청담동 22-13,37.52224433,127.0412594
강남구 청담동 20-7,37.52192062,127.0422169
강남구 청담동 19-29,37.52171596,127.043337
강남구 청담동 18-10,37.52162409,127.0437306
강남구 청담동 16,37.52136051,127.0440754
강남구 청담동 18-36,37.52218614,127.0444438
강남구 청담동 17-18,37.52244365,127.0449095
강남구 청담동 16-19,37.52068419,127.0438927
강남구 청담동 26-39,37.51927094,127.0434966
강남구 청담동 38-8,37.51918603,127.0428475
강남구 청담동 38-1,37.51924122,127.0424686
강남구 청담동 39-7,37.51930372,127.042049
강남구 청담동 40-8,37.51936057,127.0412866
강남구 청담동 40-7,37.51932404,127.0411261
강남구 청담동 41-3,37.51778554,127.0417454
강남구 청담동 37-12,37.51856486,127.0436288
강남구 청담동 36-1,37.51883095,127.0445254
강남구 청담동 26-31,37.51952596,127.0443621
강남구 청담동 26-20,37.51969947,127.0444085
강남구 청담동 16-14,37.52077138,127.0446968
강남구 청담동 16-4,37.52123373,127.0448208
강남구 청담동 17-25,37.52198302,127.0450109
강남구 청담동 13-37,37.52175951,127.0458613
강남구 청담동 11-22,37.52198712,127.0472073
강남구 청담동 11-23,37.52182147,127.0470927
강남구 청담동 11-41,37.52099605,127.0466702
강남구 청담동 35-6,37.51937824,127.046576
강남구 청담동 33,37.51943522,127.04784
강남구 청담동 32-7,37.5198779,127.0484554
강남구 청담동 9-10,37.52158695,127.0481801
강남구 청담동 63-27,37.5212577,127.0497642
강남구 청담동 63-26,37.52059532,127.0500883
강남구 청담동 76-11,37.51955469,127.0506631
강남구 청담동 70-18,37.5204965,127.0547235
강남구 청담동 70-16,37.52056729,127.0551575
강남구 청담동 70,37.52094784,127.0544695
강남구 청담동 69,37.5222309,127.0536112
강남구 청담동 69-5,37.52241474,127.054306
강남구 청담동 54-7,37.52344777,127.0538518
강남구 청담동 55-20,37.52320259,127.0532937
강남구 청담동 55-18,37.52289833,127.0528754
강남구 청담동 56-17,37.52391522,127.0528297
강남구 청담동 57-3,37.52384973,127.0517823
강남구 청담동 52,37.52418045,127.0510511
강남구 청담동 58-4,37.52268085,127.0509925
강남구 청담동 58,37.52333034,127.0506545
강남구 청담동 62-9,37.52254785,127.0490997
강남구 청담동 77-52,37.52067653,127.0471714