마포구 손기정로 2,37.55766351,126.9605205
마포구 마포대로 270,37.55726993,126.9599003
마포구 환일길 13,37.55703893,126.9602042
마포구 환일길 43,37.55443838,126.9610139
마포구 환일7길 18,37.55549163,126.9620705
마포구 손기정로12길 4,37.55596249,126.9623531
마포구 마포대로24길 31-8,37.55315454,126.9609892
마포구 마포대로 236,37.55472664,126.9579462
마포구 환일길 58-1,37.55308894,126.9612606
마포구 환일길 66,37.55243908,126.9616113
마포구 마포대로28라길 14,37.55499725,126.9596223
마포구 만리재로20길 24,37.55053197,126.9631183
마포구 만리재로20길 8,37.55104817,126.9626264
마포구 효창원로95길 14,37.54890256,126.9626958
마포구 만리재로 10안길 26,37.54878254,126.9615582
마포구 만리재로12길 25,37.54913215,126.9610833
마포구 만리재로12길 36,37.54880054,126.9606623
마포구 효창목5길 24,37.54802766,126.9614814
마포구 임정로25길 8,37.5465428,126.9600859
마포구 효창목길 31,37.54734247,126.9610094
마포구 효창목5길 1,37.54807606,126.9601655
마포구 효창목길 11,37.54759245,126.9592685
마포구 마포대로14라길 3,37.54779823,126.9571944
마포구 마포대로 214,37.55285895,126.9571871
마포구 마포대로16나길 25,37.55152428,126.9581116
마포구 만리재로10길 4,37.54917023,126.9601781
마포구 만리재로10길 1-8,37.54938854,126.9606959
마포구 만리재로12가길 7,37.54968731,126.9615187
마포구 만리재로16길 20-5,37.55002163,126.9625277
마포구 만리재로14길 34,37.54961768,126.961846
마포구 만리재로14길 15,37.55044701,126.9614595
마포구 만리재로14길 34,37.54961768,126.961846
마포구 만리재옛길 56,37.5485953,126.9575615
마포구 백범로39길 22,37.54209141,126.9567495
마포구 신촌로34길 23,37.55617026,126.9546723
마포구 마포대로4길 18,37.53870719,126.9466713
마포구 마포대로4나길 64,37.53652038,126.9447357
마포구 마포대로4나길 54,37.53697135,126.944782
마포구 마포대로4나길 23,37.53796755,126.9458641
마포구 마포대로4라길 13,37.53768948,126.9464096
마포구 마포대로4길 62,37.53693043,126.9464963
마포구 삼개로5길 29,37.53770569,126.9486216
마포구 도화2안길 29,37.53868698,126.9488566
마포구 도화2안길 11,37.53929037,126.9490396
마포구 도화2길 6,37.54019915,126.9486889
마포구 도화2길 49,37.53885038,126.9504566
마포구 도화4길 94,37.53829349,126.9505006
마포구 도화4길 39,37.5403038,126.9517942
마포구 새창로4길 12,37.54158779,126.9515163
마포구 새창로6나길 30,37.54097541,126.9542912
마포구 도화4길 13-1,37.54122842,126.9509552
마포구 대흥로4길 49,37.54147255,126.9397737
마포구 대흥로2길 21,37.54181134,126.9382315
마포구 토정로25안길 12,37.54404329,126.9406666
마포구 토정로 265-17,37.54351114,126.9399236
마포구 대흥로4길 22,37.54202675,126.9383531
마포구 서강로16길 51,37.55187063,126.9365302
마포구 신촌로22길 9,37.5555853,126.9403965
마포구 서강로16길 21,37.55272646,126.9353077
마포구 신촌로 170,37.55634984,126.9443709
마포구 신촌로26길 10,37.55585099,126.9423726
마포구 고산3길 19,37.55468338,126.9386032
마포구 신촌로20길 44,37.55337389,126.9386431
마포구 고산2길 50,37.55370762,126.9402107
마포구 고산2길 58,37.55358419,126.9407618
마포구 신촌로24안길 24,37.55560925,126.942735
마포구 고산18길 44,37.55247754,126.9451511
마포구 고산2길 75,37.5542886,126.9414996
마포구 서강대길 18,37.54914258,126.9401306
마포구 백범로15길 21,37.5484453,126.9430486
마포구 백범로 64,37.54904499,126.9388811
마포구 마포대로11길 102,37.5490124,126.9487773
마포구 백범로25길 82,37.54940057,126.9480113
마포구 숭문길 32,37.54793706,126.945575
마포구 백범로17길 18,37.5478783,126.9441751
마포구 숭문5길 16-4,37.54811243,126.9446665
마포구 마포대로11가길 10,37.54838816,126.9493547
마포구 독막로 221,37.54753983,126.9384571
마포구 독막로29길 15,37.5481081,126.9374418
마포구 독막로29길 28,37.54805601,126.9381075
마포구 광성로 36-1,37.54965421,126.9370989
마포구 독막로29길 29-4,37.54839268,126.9382155
마포구 광성로 42-1,37.54961678,126.9376982
마포구 신수로 102,37.55016177,126.9363047
마포구 신수로6길 21,37.54879918,126.9352859
마포구 신수로 80,37.54867646,126.9346304
마포구 신수로 90,37.54941173,126.9353848
마포구 광성로 4,37.54984818,126.9334491
마포구 독막로 174,37.5471502,126.9329285
마포구 독막로24길 9,37.54668884,126.932995
마포구 독막로24길 25,37.54616482,126.9328375
마포구 독막로 188,37.54725418,126.9345381
마포구 독막로26길 22,37.5466092,126.9355928
마포구 토정로15길 26,37.54610807,126.9352735
마포구 토정로15안길 5,37.54580668,126.9354289
마포구 토정로 221,37.5449893,126.9356127
마포구 독막로26길 42,37.54592076,126.9362958
마포구 독막로28길 34,37.54576594,126.9369061
마포구 독막로28길 53,37.54484021,126.9371687
마포구 독막로28길 65,37.54422242,126.9368724
마포구 독막로32길 43,37.54557364,126.9377145
마포구 독막로28길 19,37.54635578,126.9373329
마포구 독막로32길 15,37.54643532,126.9388504
마포구 대흥로9길 24,37.5450372,126.9377376
마포구 대흥로9길 10,37.54476647,126.9382882
마포구 대흥로11길 5,37.54488491,126.9387248
마포구 토정로16길 10,37.54466746,126.9347931
마포구 토정로 210,37.54494466,126.9340774
마포구 신수로 25-8,37.54398213,126.9337632
마포구 토정로14길 23,37.54426437,126.9324144
마포구 신수로3길 11,37.5426904,126.9334932
마포구 신수로3길 3-13,37.54235075,126.9332213
마포구 신수로8길 32,37.54920588,126.9366021
마포구 서강로 36,37.54624682,126.9312942
마포구 독막로22길 1-18,37.54693586,126.9299901
마포구 독막로20길 42,37.54695056,126.9276124
마포구 토정로167,37.54648137,126.9288922
마포구 독막로21길 7,37.54830387,126.9282322
마포구 독막로21길 23,37.5492079,126.929216
마포구 서강로1길 30,37.54917749,126.9301971
마포구 서강로3길 33,37.54943884,126.9299934
마포구 서강로5길 16-19,37.55062542,126.9310077
마포구 와우산로32길 5,37.55482205,126.9306364
마포구 와우산로30길 74,37.55231016,126.9282316
마포구 와우산로30길 56,37.55280763,126.9288657
마포구 와우산로30길 36,37.55326366,126.9298394
마포구 와우산로24길 23,37.55252284,126.9261088
마포구 와우산로 59-1,37.54984951,126.9229074
마포구 와우산로 29,37.54715249,126.9228043
마포구 독막로 95-21,37.5480272,126.9240899
마포구 서강로 75-16,37.54962131,126.9312557
마포구 독막로12길 5,37.54745769,126.9201473
마포구 와우산로3안길 49-6,37.54706832,126.9206001
마포구 어울마당로 20,37.54707458,126.9197394
마포구 어울마당로 13,37.54656751,126.9190886
마포구 어울마당로 2,37.54557152,126.9189257
마포구 독막로12길 46,37.54599166,126.9193238
마포구 어울마당로2길 9,37.54633075,126.9197942
마포구 독막로12안길 27,37.54599526,126.9209269
마포구 와우산로 15-3,37.54596202,126.9227004
마포구 토정로 77,37.54564562,126.9193744
마포구 와우산로1길 21,37.54558626,126.9218126
마포구 와우산로1길 30,37.54567099,126.9213184
마포구 토정로 104,37.54492061,126.9223654
마포구 토정로 119,37.54516517,126.9242136
마포구 와우산로 10,37.54529789,126.9231071
마포구 토정로11길 42,37.54608976,126.9244735
마포구 토정로 11길 17,37.54572125,126.925755
마포구 토정로11길 11,37.54568373,126.9259706
마포구 토정로 136-7,37.54504349,126.9259964
마포구 독막로 68,37.54759981,126.9208586
마포구 와우산로5길 29,37.54691736,126.9213567
마포구 동교로13길 8,37.55498126,126.9135677
마포구 동교로 120,37.5545819,126.9155136
마포구 동교로16길 26,37.55377489,126.9159059
마포구 잔다리로7안길 41,37.55285897,126.9156977
마포구 동교로12길 21,37.55346487,126.9126921
마포구 동교로12길 42,37.55241583,126.9126822
마포구 월드컵북로5길 49,37.55625031,126.9163085
마포구 동교로 157-1,37.5559629,126.919308
마포구 월드컵로10길 56,37.55547946,126.9147356
마포구 월드컵북로4길 47,37.55839505,126.9215781
마포구 월드컵북로4길 60,37.55850064,126.922384
마포구 동교로27길 26,37.5593517,126.922483
마포구 월드컵북로4길 87,37.55969129,126.9231753
마포구 동교로25길 5,37.55739839,126.9220248
마포구 동교로 212-2,37.55911605,126.9239503
마포구 신촌로12나길 32,37.55485556,126.9342517
마포구 신촌로12나길 12,37.55530106,126.9331968
마포구 신촌로10길 16,37.55605477,126.9318235
마포구 신촌로 6길 17,37.55654538,126.9300198
마포구 와우산로37길 24,37.55637613,126.9296423
마포구 와우산로35길 39,37.55623308,126.9286412
마포구 와우산로 35길 17,37.55574964,126.9295937
마포구 와우산로33길 27,37.55555289,126.9288875
마포구 와우산로29나길 15,37.55445051,126.9281336
마포구 와우산로29가길 48,37.55391453,126.9268422
마포구 와우산로27길 75,37.55554115,126.9246345
마포구 홍익로2길 37,37.55521524,126.9243238
마포구 와우산로 23길 15,37.55363995,126.9242055
마포구 와우산로25길 19,37.55419818,126.9258674
마포구 월드컵로14길 5,37.55600518,126.9107022
마포구 월드컵로16길 15,37.55726887,126.910402
마포구 잔다리로 117,37.55731676,126.9136062
마포구 월드컵로20길 24,37.55757943,126.9101398
마포구 월드컵북로7길 60,37.55787119,126.9146639
마포구 동교로13길 52-5,37.55674433,126.9123443
마포구 월드컵로16길 47,37.5576672,126.9120758
마포구 양화로8길 17-20,37.55024648,126.9172976
마포구 양화로10길 36,37.55033132,126.9181429
마포구 동교로17길 54,37.55723389,126.914872
마포구 양화로23길 34,37.55981304,126.9249086
마포구 동교로30길 17-7,37.56021338,126.9253722
마포구 월드컵북로2길 93,37.55877125,126.9248162
마포구 월드컵로14길 51,37.55672144,126.9131912
마포구 월드컵북로9길 17-8,37.55848178,126.9162783
마포구 독막로4길 11,37.54756152,126.9169296
마포구 독막로4길 41,37.5463679,126.9163314
마포구 독막로6길 22,37.5470871,126.9171229
마포구 독막로8길 32,37.54652256,126.917544
마포구 동교로 16-18,37.55119021,126.9047763
마포구 동교로8길 15,37.55134821,126.9052908
마포구 성지1길 33,37.54811057,126.9153801
마포구 성지3길 34,37.54643189,126.9148397
마포구 성지3길 74,37.54599467,126.9169177
마포구 성지길 49,37.54650376,126.9130667
마포구 양화로1길 29,37.55000037,126.910314
마포구 양화로1길 54,37.55110702,126.9101356
마포구 양화로3길 78,37.55235032,126.9109918
마포구 양화진길 17,37.54781358,126.9127492
마포구 양화진길 29,37.54731481,126.9125362
마포구 어울마당로3길 19,37.54721238,126.9186085
마포구 월드컵로5길 33-11,37.55115131,126.9108043
마포구 월드컵로5길 36-8,37.55187607,126.9100805
마포구 월드컵로5길 51,37.55129787,126.9095755
마포구 월드컵로5길 59,37.55107519,126.909276
마포구 월드컵로7길 17,37.5525349,126.9110649
마포구 월드컵로7안길 20,37.55236215,126.909133
마포구 토정로 9,37.54584533,126.9120053
마포구 토정로 28,37.54550357,126.9140617
마포구 토정로 46,37.54541441,126.9158642
마포구 토정로2길 5,37.54539178,126.9132333
마포구 토정로3안길 26,37.54582989,126.9155258
마포구 토정로4길 53,37.54396718,126.9136792
마포구 토정로5길 18,37.54617225,126.9184487
마포구 포은로2가길 29,37.55071953,126.9088859
마포구 희우정로 31,37.54996087,126.9073539
마포구 희우정로 40,37.55065011,126.9069742
마포구 희우정로 46,37.55119462,126.9065688
마포구 희우정로1길 25,37.54905016,126.9069125
마포구 희우정로1길 48,37.55002938,126.9064756
마포구 희우정로 41,37.55059422,126.9066064
마포구 동교로3길 36,37.55287607,126.9020249
마포구 동교로3길 53,37.55330311,126.901116
마포구 동교로3길 80,37.55418806,126.9002487
마포구 동교로3길 129,37.5556277,126.8979645
마포구 망원로2길 24,37.55532275,126.9008637
마포구 망원로2길 34,37.55511044,126.901244
마포구 망원로4길 3,37.55650879,126.9018978
마포구 망원로4길 45,37.55470388,126.9025112
마포구 망원로6길 11,37.55648424,126.90338
마포구 월드컵로11길 13,37.55465635,126.9102928
마포구 월드컵로11길 37,37.55411998,126.908995
마포구 월드컵로11길 79,37.55358217,126.906795
마포구 월드컵로11길 46,37.55427907,126.9084853
마포구 월드컵로11길 46-14,37.55475037,126.9082475
마포구 월드컵로11길 65,37.55381184,126.9074842
마포구 월드컵로13길 19-26,37.55512718,126.9090757
마포구 월드컵로13길 80,37.5552312,126.905684
마포구 월드컵로15길 24,37.55588193,126.9084681
마포구 월드컵로23길 41,37.55596669,126.9074022
마포구 월드컵로23길 41,37.55596669,126.9074022
마포구 포은로5길 16,37.55554167,126.9040993
마포구 포은로6길 17,37.5559799,126.9059846
마포구 포은로6길 33,37.5561564,126.9066661
마포구 희우정로10길 12,37.55287806,126.9046733
마포구 희우정로12길 25,37.55392312,126.9044384
마포구 희우정로16길 31,37.55471993,126.9036239
마포구 포은로5길 47,37.5549911,126.9023839
마포구 망원로8길 61,37.55477549,126.906268
마포구 망원로 7-12,37.55637916,126.8978879
마포구 망원로 14,37.55582945,126.8987059
마포구 망원로 43,37.55684758,126.9018129
마포구 망원로3길 24,37.55775452,126.9012643
마포구 방울내로 41,37.55902645,126.9001794
마포구 방울내로 61,37.5598191,126.9021763
마포구 방울내로5길 38,37.5610085,126.9005541
마포구 방울내로3길 51,37.56090525,126.8987546
마포구 방울내로9안길 33,37.56112539,126.9014388
마포구 방울내로9안길 1,37.56180637,126.9028654
마포구 방울내로9안길 71,37.5602212,126.8995747
마포구 방울내로9안길 89,37.55990322,126.8986115
마포구 방울내로9안길 103,37.5595787,126.8979035
마포구 방울내로11길 43,37.56228045,126.9029461
마포구 방울내로11길 81,37.56200219,126.9014889
마포구 월드컵로 123,37.55909235,126.9069525
마포구 방울내로11길 161,37.56031074,126.8973581
마포구 방울내로11길 181,37.55987259,126.8965342
마포구 월드컵로25길 139,37.55680609,126.9000382
마포구 월드컵로25길 155,37.55656098,126.8992465
마포구 월드컵로29길 11,37.56006656,126.905441
마포구 월드컵로29길 76,37.55873141,126.902279
마포구 월드컵로29길 123,37.55753258,126.9000613
마포구 월드컵로31길 33,37.56096651,126.9031445
마포구 월드컵로31길 78,37.56029997,126.9007828
마포구 월드컵로31길 102,37.55977451,126.8996067
마포구 포은로 132,37.55868567,126.903851
마포구 망원로7길 62,37.56016351,126.9043221
마포구 방울내로1길 24,37.55923176,126.8982474
마포구 동교로52길 16,37.56375463,126.9271971
마포구 동교로52길 4,37.56413466,126.9267475
마포구 동교로51길 13,37.56476596,126.9259832
마포구 동교로51길 31,37.56526503,126.9251327
마포구 성미산로29길 32,37.56541714,126.922108
마포구 동교로51길 91,37.56608484,126.922063
마포구 연남로 76,37.56587563,126.9192595
마포구 성미산로29길 30,37.56533386,126.9222084
마포구 성미산로29길 17-3,37.56462969,126.9224174
마포구 동교로41길 11,37.5628007,126.9238424
마포구 성미산로 178,37.56373929,126.9251504
마포구 동교로29길 16,37.56131373,126.9237624
마포구 성미산로29길 17-9,37.56450401,126.9220214
마포구 성미산로23길 26,37.56462882,126.9211093
마포구 성미산로23길 46,37.5653521,126.9205117
마포구 성미산로23길 46,37.5653521,126.9205117
마포구 성미산로 126,37.562829,126.9208423
마포구 성미산로19길 109,37.56658763,126.917474
마포구 성미산로19길 91,37.56583184,126.917556
마포구 연남로 65,37.56488757,126.9196038
마포구 연남로7길 10,37.56412065,126.919623
마포구 연남로7길 20,37.56389314,126.919209
마포구 성미산로19길 31,37.56309269,126.9181589
마포구 성미산로19길 25,37.56291502,126.9182968
마포구 성미산로19길 9,37.56217207,126.9184407
마포구 성미산로15길 6,37.56147814,126.9178172
마포구 월드컵북로8길 23,37.55955731,126.9184791
마포구 연남로1길 88,37.55882791,126.9186762
마포구 동교로23길 106,37.55998609,126.9175595
마포구 연남로3길 73,37.55948343,126.9191278
마포구 연남로3길 18,37.56120079,126.9214884
마포구 성미산로 165,37.56478488,126.9244137
마포구 동교로 281,37.56437674,126.9264343
마포구 성산로2길 21,37.56342698,126.9063061
마포구 성산로2길 39,37.56311471,126.9054275
마포구 성미산로1길 108,37.56234382,126.9055435
마포구 월드컵로30길 12,37.56120646,126.9064053
마포구 월드컵로30다길 9-3,37.56242436,126.9073444
마포구 월드컵로30나길 8,37.56156663,126.9071401
마포구 성미산로5길 48,37.56066813,126.9097755
마포구 성미산로7안길 40,37.55997563,126.9108501
마포구 월드컵로26길 6,37.55883778,126.9081802
마포구 월드컵로28길 29,37.560388,126.9081295
마포구 성미산로3가길 1,37.55951609,126.9090424
마포구 월드컵북로15길 43,37.56346127,126.9118747
마포구 성산로6길 26,37.56364608,126.9105814
마포구 성산로4안길 27,37.56311383,126.9106619
마포구 성산로4길 54,37.56369066,126.9094913
마포구 성산로4길 46,37.56345101,126.9092762
마포구 성산로4길 15,37.56336849,126.9078957
마포구 월드컵북로12길 78,37.56453241,126.9152478
마포구 성미산로5길 25,37.5597409,126.9102389
마포구 연남로13길 51,37.56572262,126.91461
마포구 연남로13길 55,37.56564598,126.9142906
마포구 연남로13길 71,37.56539989,126.9133833
마포구 월드컵북로12안길 62,37.56442532,126.9136899
마포구 월드컵북로18길 13,37.56403723,126.9140063
마포구 월드컵북로12안길 34,37.56329259,126.9146763
마포구 연남로13길 33,37.56602973,126.9155606
마포구 연남로13길 27,37.56609587,126.9158267
마포구 성미산로11길 36,37.5621975,126.9164186
마포구 월드컵북로16길 17,37.563061,126.9152529
마포구 동교로17길 86,37.55843175,126.9142356
마포구 성미산로10길 15,37.55877829,126.915371
마포구 성미산로7길 13,37.55961874,126.9122918
마포구 새터산14길 52,37.56576792,126.9089236
마포구 새터산14길 25,37.56701231,126.908835
마포구 새터산길 51,37.56711797,126.9070636
마포구 새터산길 25,37.56600562,126.9068625
마포구 새터산길 26,37.56599078,126.9071263
마포구 새터산길 22,37.56576512,126.9071827
마포구 새터산4길 2,37.5651823,126.907336
마포구 새터산12길 34,37.5657074,126.9079103
마포구 월드컵북로31길 14,37.56789871,126.9066528
마포구 모래내로5길 9,37.56628522,126.9099164
마포구 새터산 7길 5,37.56551679,126.9068118
마포구 새터산5길 44,37.56552903,126.9049826
마포구 새터산14길 46,37.56598762,126.9088491
마포구 월드컵로36길 47,37.56844339,126.9053279
마포구 월드컵북로 198-4,37.56870954,126.9069106
마포구 월드컵로36길 47-16,37.56874471,126.905027
마포구 월드컵북로 210,37.56922052,126.9058043
마포구 모래내로7길 84,37.56828445,126.9086365
마포구 모래내로7길 62,37.56769731,126.9096199
마포구 모래내로7길 41,37.56728744,126.9106803
마포구 모래내로7길 30,37.56734311,126.9113822
마포구 성암로1길 22,37.56719509,126.9118761
마포구 모래내로9길 15,37.56771445,126.9127595
마포구 모래내로9길 24,37.56820807,126.9119866
마포구 성암로5길 37,37.56856713,126.9103242
마포구 성암로3가길 13,37.56897644,126.9106674
마포구 성암로11길 28,37.57324897,126.9019379
마포구 성암로9길 14,37.57300006,126.9035121
마포구 성암로9안길 8-10,37.57340397,126.903515
마포구 성암로5길 18,37.56942412,126.9098055
마포구 월드컵북로38가길 24,37.57099404,126.9055805
마포구 월드컵북로45길 6-7,37.57514762,126.8946099
마포구 월드컵북로43길 37,37.57439025,126.8941123
마포구 월드컵북로43길 28,37.5743248,126.8948761
마포구 월드컵북로45길 9,37.57488237,126.8950152
마포구 월드컵북로43길 20,37.57438636,126.8950046
마포구 월드컵북로43길 6,37.57485828,126.8953856
마포구 매봉산로2길 51,37.57711934,126.8960112
마포구 매봉산로2길 45,37.57735054,126.8959147
마포구 월드컵북로48길 28-12,37.57688592,126.8956345
마포구 매봉산로2안길 12,37.57786457,126.8945089
마포구 월드컵북로48길 5,37.57660792,126.8940634
마포구 매봉산로2길 16,37.57833432,126.894673
마포구 성암로13길 54,37.57586756,126.8977293
마포구 성암로13길 64,37.5754501,126.8978
마포구 월드컵북로 42가길 6,37.57510657,126.8978197
마포구 월드컵북로42다길 14,37.57569875,126.8973557
마포구 월드컵북로42라길 19,37.5761355,126.8967834
마포구 성암로15길 46,37.57688291,126.8963067
마포구 성암로 13길 17,37.57724727,126.896717
마포구 월드컵북로42가길 28,37.57541731,126.8967731
마포구 성암로 211,37.57818933,126.8962787