양천구 목동동로 240,37.52614419,126.872786
양천구 신목로 108-10,37.52351049,126.8761084
양천구 목동동로12길 43-5,37.52282431,126.8759644
양천구 목동동로12길 41-5,37.52284335,126.8758138
양천구 오목로 56길 14,37.52330956,126.8735566
양천구 오목로 56길 10,37.52369426,126.8736991
양천구 목동동로 206-1,37.52392536,126.8720147
양천구 목동동로 208-12,37.52388393,126.8724467
양천구 목동중앙본로2길 5,37.53920041,126.8702245
양천구 목동중앙로7길 74,37.53977454,126.8699026
양천구 목동중앙본로 50-7,37.54043579,126.8692612
양천구 목동중앙본로 56,37.5408268,126.8691584
양천구 목동중앙본로13길 12,37.54121434,126.8683652
양천구 목동중앙본로 15길9,37.54135413,126.868407
양천구 목동중앙본로 9길7,37.5401211,126.8683979
양천구 목동중앙본로 11길12,37.5406861,126.8682145
양천구 목동중앙본로 60-3,37.54140094,126.8692548
양천구 목동중앙본로 18길 14,37.54148037,126.869796
양천구 목동중앙본로 18길31,37.54135813,126.8708024
양천구 목동중앙본로 20길34,37.54149535,126.8708811
양천구 목동중앙본로 20길15,37.54197594,126.8701459
양천구 목동중앙본로 19길13,37.54205948,126.8684492
양천구 목동중앙본로 18길10,37.54151058,126.8695718
양천구 목동중앙본로2길 19,37.53964382,126.8704929
양천구 목동중앙본로 2길32,37.54017645,126.8707039
양천구 목동중앙본로 2길37,37.54050275,126.8705004
양천구 목동중앙본로 2길38-23,37.54006614,126.8718382
양천구 목동중앙본로2길 38-39,37.53967092,126.8726308
양천구 목동중앙본로 2길 38-45,37.53952756,126.872954
양천구 목동중앙본로 2길 28-41,37.53927797,126.8726909
양천구 목동중앙본로 2길 28-27,37.53954492,126.8720886
양천구 목동중앙본로 2길 28-15,37.5398846,126.8713515
양천구 목동중앙본로 18길62,37.54051318,126.8721373
양천구 목동중앙본로 18길79,37.54025468,126.8731364
양천구 목동중앙본로 2길 46-42,37.53982387,126.8727565
양천구 목동중앙본로2길 46-19,37.54047631,126.8717825
양천구 목동중앙본로22길 32,37.54190127,126.8708978
양천구 목동중앙본로24길 40,37.54190071,126.8714602
양천구 목동중앙본로22길 51,37.54162466,126.8719704
양천구 목동중앙본로 22길64,37.54113664,126.872601
양천구 목동중앙본로 20길61,37.54098728,126.8724605
양천구 목동중앙본로 26길42,37.54210712,126.8720383
양천구 목동중앙본로 26길36,37.5423317,126.8715867
양천구 목동중앙본로 24길22,37.54222876,126.8706312
양천구 목동중앙본로 80-13,37.54280478,126.8704793
양천구 목동중앙본로 26길22,37.54259492,126.8710389
양천구 목동중앙북로 16길 117,37.54289515,126.8717186
양천구 목동중앙북로 16길 101,37.54254764,126.8726425
양천구 목동중앙북로 16길 94,37.54274032,126.8730988
양천구 목동중앙북로 16길 85,37.54256483,126.8736266
양천구 목동중앙본로 28길57,37.54325177,126.8735592
양천구 목동중앙본로 28길45,37.54323633,126.8728551
양천구 목동중앙본로 28길35,37.54337795,126.8723387
양천구 목동중앙본로 28길32,37.54303541,126.872274
양천구 목동중앙본로 28길25-5,37.54376842,126.8718213
양천구 목동중앙본로 28길25-10,37.54383228,126.8721297
양천구 목동중앙본로 30가길32,37.54547558,126.8718543
양천구 목동중앙본로 30가길32,37.54547558,126.8718543
양천구 목동중앙본로 30길50,37.54484555,126.8728122
양천구 목동중앙본로 28길37-8,37.54358781,126.8727734
양천구 목동중앙북로 14길 64,37.54339818,126.8728849
양천구 목동중앙북로 14길 56,37.54386563,126.8729803
양천구 목동중앙북로 14길 41,37.54438904,126.8733361
양천구 목동중앙북로 16길 45,37.54420038,126.8740993
양천구 목동중앙북로 16길 16,37.54555885,126.8736308
양천구 목동중앙북로16가길 43,37.54373969,126.8758806
양천구 목동중앙북로 102-10,37.54576478,126.874351
양천구 목동중앙북로 18길 25,37.54514539,126.8752482
양천구 목동중앙북로 18길 33,37.54476125,126.8752903
양천구 목동중앙북로 24길 64,37.54437942,126.8759867
양천구 목동중앙북로 20길 26,37.54512523,126.8756905
양천구 목동중앙북로 20길 17,37.54542587,126.8759244
양천구 목동중앙북로 120-12,37.54583588,126.8761522
양천구 목동중앙북로 22길 15,37.5457308,126.8768193
양천구 목동중앙북로24길 36,37.54536215,126.87712
양천구 목동중앙북로24길 11-21,37.54607163,126.8792473
양천구 목동중앙북로24길 11-15,37.54601741,126.8789085
양천구 목동중앙북로24길 1-31,37.54620218,126.8797668
양천구 목동중앙로13나길20,37.54587585,126.8800501
양천구 목동중앙로13나길20-23,37.54505133,126.8803827
양천구 목동중앙로13나길69,37.54400594,126.8799806
양천구 목동중앙로13나길61,37.54405946,126.8805106
양천구 목동중앙로13나길54,37.54448,126.8802926
양천구 목동중앙로13나길34,37.54523709,126.8805418
양천구 목동중앙로13다길26-9,37.54417257,126.8809964
양천구 목동중앙로13다길26-7,37.54411082,126.8811472
양천구 목동중앙로13길 19-43,37.5448276,126.8813593
양천구 목동중앙북로24길1-16,37.54615446,126.8789175
양천구 목동중앙북로131,37.54662006,126.8778355
양천구 목동중앙북로 112,37.54613361,126.8755074
양천구 목동중앙본로93,37.54401046,126.8703632
양천구 목동중앙본로27길14,37.54415095,126.8697347
양천구 목동중앙본로27길37,37.5443338,126.8683868
양천구 목동중앙북로8길 132,37.5444529,126.8678927
양천구 목동중앙북로8길 130,37.54446244,126.8677959
양천구 목동중앙북로8길122,37.54445588,126.8674153
양천구 목동중앙북로8길120-13,37.54400555,126.8672434
양천구 목동중앙북로8길129-42,37.54628182,126.8687649
양천구 목동중앙북로8길129-26,37.54566506,126.8684998
양천구 목동중앙북로10길40,37.5456223,126.8686912
양천구 목동중앙본로31길33,37.54586291,126.869137
양천구 목동중앙북로10길51,37.54493806,126.8687503
양천구 목동중앙본로 29길 31,37.54468727,126.8688763
양천구 목동중앙본로 29길20-14,37.545156,126.8699637
양천구 목동중앙본로15길 20,37.54160579,126.8679269
양천구 목동중앙본로18가길 11,37.54097721,126.8702524
양천구 목동중앙본로 30길17,37.54410293,126.8716237
양천구 목동중앙본로28길 37-19,37.54407944,126.8727352
양천구 목동중앙본로31길 25,37.54567794,126.86971
양천구 목동중앙본로7길 22,37.5398127,126.8674373
양천구 목동중앙본로7가길 22,37.54056427,126.8672397
양천구 목동중앙본로7가길26-11,37.54098781,126.8677818
양천구 목동중앙본로7가길 29,37.54091818,126.8669966
양천구 목동중앙본로15길 35,37.54131067,126.8670884
양천구 목동중앙본로7가길 51,37.54184117,126.8666795
양천구 목동중앙본로7가길 58-10,37.54230069,126.8672538
양천구 목동중앙본로7가길 68-18,37.54267507,126.8675865
양천구 목동중앙본로7가길 67-8,37.54239073,126.8661618
양천구 목동중앙본로7가길 67-16,37.54214994,126.8658836
양천구 목동중앙남로14가길 17,37.54138321,126.8659819
양천구 목동중앙남로3가길 102,37.54013909,126.8646176
양천구 목동중앙남로13길 11,37.54021336,126.8649616
양천구 목동중앙남로 100,37.54278062,126.8637411
양천구 목동중앙남로16길 23,37.54288054,126.8651535
양천구 목동중앙남로14가길 40,37.54210475,126.8653643
양천구 목동중앙본로7가길 81-12,37.5426794,126.8654397
양천구 목동중앙본로7가길 84,37.54317949,126.8659471
양천구 목동중앙남로16길 47,37.54367905,126.8659858
양천구 목동중앙북로8가길 23,37.54664526,126.866013
양천구 목동중앙남로16다길 12,37.54361828,126.8652329
양천구 목동중앙남로16나길 26,37.54347202,126.8647419
양천구 목동중앙남로16가길 28-7,37.54322826,126.8632197
양천구 목동중앙남로16라길 30,37.54490488,126.8631725
양천구 목동중앙남로16라길 39,37.54524477,126.8630466
양천구 목동중앙남로16마길 20,37.54452175,126.8643993
양천구 목동중앙남로16나길 38-7,37.54426545,126.8649797
양천구 목동중앙남로16다길 6-16,37.54392162,126.866007
양천구 목동중앙북로8길 84-27,37.5443233,126.8658587
양천구 목동중앙북로8길 84-15,37.54464078,126.8659865
양천구 목동중앙북로8길 84,37.54492711,126.865267
양천구 목동중앙북로8길 58,37.54608692,126.8649907
양천구 목동중앙북로8길 46,37.54657437,126.8649276
양천구 목동중앙북로2길 40,37.54698951,126.8634044
양천구 목동중앙북로5길 14,37.54891767,126.8656962
양천구 목동중앙북로7길 13,37.54874439,126.8672813
양천구 목동중앙북로7가길 46-1,37.54977251,126.8653624
양천구 목동중앙북로1길 20,37.54950784,126.8645327
양천구 목동중앙북로4길 36,37.54696277,126.8639622
양천구 목동중앙남로14길 9-7,37.54078575,126.8657404
양천구 목동중앙남로 81-1,37.54097272,126.8651126
양천구 목동중앙서로 39-14,37.53342994,126.8685779
양천구 목동중앙서로11길 11,37.53350352,126.8687887
양천구 목동중앙서로11길 49-18,37.53443077,126.8664127
양천구 목동중앙서로11길 49-16,37.53441816,126.8665734
양천구 목동중앙서로11길 51,37.53468756,126.8670535
양천구 목동중앙남로 11-10,37.53509467,126.868372
양천구 목동중앙남로 11-19,37.53494177,126.8689441
양천구 목동중앙로 57,37.53466729,126.8694745
양천구 목동중앙서로11길 30-21,37.53432722,126.8687167
양천구 목동중앙서로11길 40,37.53448808,126.8677738
양천구 목동중앙서로9길 34,37.53379148,126.8666998
양천구 목동중앙서로11길 60-3,37.53509414,126.8667793
양천구 목동중앙서로11길 73,37.53494196,126.8660577
양천구 목동중앙남로 21-18,37.53564137,126.8669833
양천구 목동중앙남로 21-7,37.53579789,126.8675552
양천구 목동중앙남로 15-1,37.5356727,126.8682417
양천구 목동중앙남로 12-16,37.53599763,126.8693234
양천구 목동중앙로3길 17,37.53622058,126.8696068
양천구 목동중앙남로 10,37.53555913,126.8692618
양천구 목동중앙남로2길 16,37.53632555,126.8689587
양천구 목동중앙로3길 42,37.53713582,126.8688022
양천구 목동중앙로3길 95,37.53906293,126.8671568
양천구 목동중앙본로7길 21,37.539567,126.8675215
양천구 목동중앙남로4길 20,37.53687852,126.8683382
양천구 목동중앙본로5길 26,37.53866746,126.8679414
양천구 목동중앙본로3길 25,37.53837348,126.8687643
양천구 목동중앙본로5길 51,37.53785687,126.8685354
양천구 목동중앙로5길 49,37.53822685,126.8695439
양천구 목동중앙로5길 43,37.5379798,126.8697885
양천구 목동중앙로5가길 31,37.53795627,126.8705107
양천구 목동중앙로5길 30,37.53769037,126.8706668
양천구 목동중앙로5길 14,37.53738001,126.8712749
양천구 목동중앙로5가길 8,37.53745858,126.8717753
양천구 목동중앙본로3길 10,37.53915687,126.8688123
양천구 목동중앙본로1길 8,37.53877332,126.8697155
양천구 목동중앙본로3길 13,37.53891414,126.8690573
양천구 곰달래로 5길 76,37.5353886,126.8303888
양천구 곰달래로 5길 67,37.5349212,126.8309785
양천구 곰달래로 5길 63,37.53481844,126.8315156
양천구 남부순환로 57길 10,37.53351562,126.8310239
양천구 가로공원로 70길 14,37.53588625,126.8322955
양천구 가로공원로 66길 37,37.53591965,126.833615
양천구 곰달래로 9길 51,37.53413114,126.8335344
양천구 곰달래로 9길 46,37.53353165,126.8341968
양천구 월정로 33길 22,37.53502561,126.832552
양천구 남부순환로 63길 20,37.52882875,126.8351388
양천구 곰달래로 2길 15,37.52850638,126.834369
양천구 곰달래로 2길 16,37.52794741,126.8343168
양천구 곰달래로 2길 32,37.52705903,126.8346411
양천구 곰달래로 2길 41,37.52690165,126.836084
양천구 곰달래로 2길 42,37.52667458,126.8359393
양천구 곰달래로 6길 30-7,37.52714827,126.83583
양천구 남부순환로 65길 12,37.52783679,126.8354267
양천구 곰달래로 12-1,37.52959588,126.8343155
양천구 곰달래로 6길 22,37.52803537,126.8357529
양천구 곰달래로 6길 30-1,37.5272789,126.8362121
양천구 곰달래로 6길 38,37.52672516,126.8365474
양천구 월정로 13길 24,37.52676212,126.8373416
양천구 월정로 13길 17,37.5266722,126.8380637
양천구 월정로 15길 7,37.52761447,126.8389216
양천구 곰달래로 10길 33-6,37.52716905,126.8384257
양천구 곰달래로 10길 30,37.52756282,126.8375255
양천구 월정로 17길 24-20,37.52877419,126.8364002
양천구 곰달래로 6길 5-9,37.52946865,126.8356004
양천구 곰달래로 6길 5-24,37.52927268,126.836306
양천구 월정로 17길 12,37.52814676,126.8381157
양천구 곰달래로 14길 16,37.52866714,126.8381542
양천구 곰달래로 1길 19,37.53121663,126.8322965
양천구 곰달래로 3길 35,37.53249222,126.8321357
양천구 곰달래로 1길 54,37.5341029,126.8305958
양천구 오목로 76-2,37.52203648,126.8454817
양천구 오목로 10길 8,37.52167913,126.8439651
양천구 오목로 10길 7-3,37.52201713,126.8444637
양천구 오목로 72-2,37.52240795,126.845331
양천구 오목로 88,37.52288364,126.8472388
양천구 오목로 90,37.5230657,126.8478478
양천구 오목로 100,37.52335583,126.8486222
양천구 오목로 102-1,37.52342973,126.8489136
양천구 중앙로 57길 2,37.52730312,126.8486241
양천구 중앙로 55길 16,37.52664519,126.847485
양천구 중앙로 55길 22,37.52657411,126.8470065
양천구 중앙로 55길 24,37.52652052,126.8467459
양천구 중앙로 55길 30,37.52652441,126.8460614
양천구 중앙로 55길 32,37.52646029,126.8456082
양천구 오목로 13길 33,37.52588501,126.8445144
양천구 오목로 13길 39,37.52633377,126.8441498
양천구 중앙로 57길 49,37.52623009,126.843626
양천구 중앙로 55길 54-1,37.5260472,126.8434273
양천구 월정로 8길 12,37.5252723,126.8433975
양천구 오목로 9길 19,37.52392557,126.8425864
양천구 오목로 11길 17-15,37.52397888,126.8431042
양천구 오목로 11길 20,37.52447916,126.8447052
양천구 중앙로 51길 59,37.52368592,126.8438184
양천구 오목로 9길 12,37.52343549,126.8431785
양천구 오목로 11길 9-12,37.52356958,126.8436675
양천구 중앙로 51길 51,37.52381318,126.8445953
양천구 오목로 13길 16-1,37.52442527,126.8455187
양천구 오목로 13길 16,37.52423662,126.8455353
양천구 오목로 15길 20,37.52466987,126.8459915
양천구 오목로 15길 22,37.5250001,126.8459315
양천구 중앙로 53길 34,37.52559157,126.8461107
양천구 중앙로 53길 25,37.52538871,126.8469039
양천구 오목로 15길 32-7,37.52595201,126.846205
양천구 중앙로 53길 22-10,37.52625948,126.8472856
양천구 중앙로 51길 26-10,37.52514657,126.8477112
양천구 중앙로 51길 26-2,37.52481781,126.8478611
양천구 중앙로 51길 6,37.52508476,126.8496075
양천구 중앙로 53길 5,37.5258113,126.8490877
양천구 중앙로 53길 12-7,37.52616436,126.8482168
양천구 중앙로 55길 9,37.52654828,126.8481449
양천구 오목로 19길 1,37.52342819,126.8470865
양천구 오목로 81,37.52321323,126.8466185
양천구 남부순환로64길 37-9,37.52603858,126.8332494
양천구 남부순환로64길 37-3,37.52567406,126.8329506
양천구 남부순환로64길 29,37.52577111,126.8328316
양천구 남부순환로64길 27,37.52653657,126.8329956
양천구 남부순환로64길 23-1,37.52677377,126.8331007
양천구 남부순환로 442,37.52826247,126.8329564
양천구 남부순환로58길 41,37.52922361,126.8319719
양천구 남부순환로58길 31-19,37.52938822,126.8318459
양천구 남부순환로58길 27,37.52969364,126.8311967
양천구 남부순환로62길 14,37.53049183,126.8301849
양천구 남부순환로62길 32,37.53037088,126.8280451
양천구 남부순환로62길 21,37.53019319,126.8292148
양천구 남부순환로58길 24-16,37.53005882,126.8296348
양천구 남부순환로58길 24-12,37.53007251,126.8298794
양천구 남부순환로58길 24-8,37.53009154,126.8301448
양천구 남부순환로60길 8,37.53091322,126.8299949
양천구 남부순환로56가길 13,37.53126347,126.8302048
양천구 남부순환로54길 2,37.53389209,126.8289848
양천구 남부순환로56가길 1,37.53237636,126.8297504
양천구 남부순환로56길 15,37.53151306,126.8288998
양천구 남부순환로54길 28-1,37.53213892,126.8284236
양천구 남부순환로54길 32,37.53195418,126.8281514
양천구 가로공원로58길 35-1,37.53158988,126.8253074
양천구 가로공원로58길 13,37.53368526,126.8247737
양천구 가로공원로60가길 15,37.53453252,126.8266332
양천구 가로공원로56길 27-1,37.53500916,126.8258439
양천구 가로공원로 66,37.53496002,126.8232137
양천구 남부순환로36길 25-1,37.53586721,126.8249492
양천구 남부순환로36길 27-1,37.53582854,126.8246969
양천구 가로공원로55길 20-1,37.53620572,126.8245325
양천구 가로공원로55길 26,37.53631673,126.8251417
양천구 월정로 63,37.52521214,126.8410595
양천구 월정로9길 11-2,37.52496856,126.8400952
양천구 월정로7길 10,37.5243584,126.8404307
양천구 오목로5길 14,37.52297922,126.8410166
양천구 오목로3길 12,37.52268815,126.8397831
양천구 오목로 31,37.52241272,126.8409879
양천구 오목로3길 16,37.52290856,126.839401
양천구 오목로3길 32,37.52411888,126.8386111
양천구 월정로11길 24,37.52550017,126.8382591
양천구 월정로11길 20,37.5256185,126.8388058
양천구 월정로11길 16,37.52561368,126.8390391
양천구 오목로5길 42,37.5255061,126.8396291
양천구 오목로5길 38,37.52510172,126.839694
양천구 월정로11길 5,37.525608,126.8403618
양천구 국회대로 50,37.52608821,126.8404809
양천구 오목로5길 8,37.52256312,126.8412744
양천구 남부순환로67길 16,37.52415818,126.8378982
양천구 오목로1길 35,37.52401716,126.8364541
양천구 남부순환로67길 2,37.52369675,126.8367022
양천구 남부순환로 497,37.52420449,126.8362698
양천구 남부순환로 495,37.52446803,126.8363933
양천구 오목로3길 50,37.52553166,126.837827
양천구 오목로1길 51,37.52521403,126.8370253
양천구 오목로3길 47,37.52534169,126.8374116
양천구 오목로3길 31,37.52404646,126.8381665
양천구 오목로3길 23,37.52347765,126.8386247
양천구 오목로3길 5-13,37.52162626,126.8388127
양천구 오목로3길 5-7,37.52172298,126.83924
양천구 오목로3길 5-2,37.52195332,126.8393409
양천구 오목로3길 3,37.52184351,126.839619
양천구 남부순환로71길 6,37.52156601,126.8380443
양천구 오목로1길 20,37.52283173,126.8377712
양천구 오목로3길 16-1,37.52307139,126.8392809
양천구 오목로3길 7,37.52221396,126.8393895
양천구 월정로 11,37.52090554,126.8434907
양천구 오목로4길 25,37.52129629,126.8424021
양천구 오목로4길 11,37.52099976,126.8409826
양천구 오목로4길 5,37.52113116,126.8405345
양천구 오목로 26,37.52150643,126.8406735
양천구 오목로 34-1,37.52148509,126.8415557
양천구 오목로 46-2,37.52171262,126.8425841
양천구 월정로 21,37.52153516,126.8432218
양천구 신월로19길 7,37.52041079,126.8432813
양천구 신월로17길 1,37.51910626,126.8424289
양천구 신월로17길 12,37.51995124,126.8423731
양천구 신월로17길 20,37.52040515,126.8422262
양천구 신월로15길 22,37.520435,126.841706
양천구 신월로19길 9,37.52033049,126.8429307
양천구 남부순환로75길 26,37.51970351,126.8420677
양천구 신월로15길 13,37.51957114,126.841592
양천구 신월로13길 15,37.5194093,126.8410394
양천구 남부순환로77길 9-1,37.518841,126.8406754
양천구 신월로13길 12,37.51918542,126.8413882
양천구 신월로15길 20,37.52023203,126.8417946
양천구 신월로15길 26,37.52060865,126.8413963
양천구 남부순환로73길 15-9,37.52080916,126.8398181
양천구 남부순환로73길 15-1,37.52040485,126.8399938
양천구 신월로9길 24,37.51944324,126.8394223
양천구 신월로9길 20,37.51908113,126.8396228
양천구 신월로9길 15,37.51873623,126.8394892
양천구 신월로9길 12,37.51834114,126.8398919
양천구 신월로11길 11,37.51843008,126.840165
양천구 남부순환로75길 3,37.51935794,126.839706
양천구 남부순환로75길 5,37.51943519,126.8400588
양천구 신월로11길 27,37.51979391,126.8396194
양천구 신월로11길 40-1,37.52095382,126.8395264
양천구 월정로 48길 6,37.54112726,126.8315903
양천구 월정로 50길 16-2,37.54149819,126.8316517
양천구 화곡로 5길 27,37.54177938,126.8290088
양천구 화곡로 5길 19,37.54125944,126.8284018
양천구 화곡로 3길 20-3,37.54117196,126.8275399
양천구 화곡로 3길 25-1,37.54174064,126.8273951
양천구 월정로 291-6,37.54296366,126.8282682
양천구 월정로 316,37.54507325,126.8290671
양천구 화곡로 3가길 7-16,37.54248113,126.8284185
양천구 남부순환로 27길 9-23,37.54166912,126.8271063
양천구 남부순환로 27길 9-8,37.54092027,126.8268389
양천구 남부순환로 27길 12-1,37.54035855,126.8265657
양천구 남부순환로 29길 6,37.53980683,126.8265386
양천구 남부순환로 29길 17-1,37.54011097,126.827808
양천구 화곡로 5길 11,37.54048647,126.8280299
양천구 남부순환로 27길 3,37.54058923,126.8259084
양천구 남부순환로79길 1,37.5167403,126.8401299
양천구 남부순환로80길 13,37.51592436,126.8381524
양천구 남부순환로80길 17-1,37.51579352,126.8376187
양천구 남부순환로80길 21-1,37.51567603,126.8371623
양천구 남부순환로82길 24,37.51543646,126.8370373
양천구 남부순환로82길 21-1,37.51527271,126.8373998
양천구 남부순환로82길 16-2,37.51564279,126.8376922
양천구 남부순환로82길 14,37.51577049,126.8381043
양천구 남부순환로82길 12,37.5158239,126.8383515
양천구 남부순환로82길 9-1,37.51560648,126.8388779
양천구 남부순환로82길 5-2,37.51567424,126.839144
양천구 남부순환로86길 6,37.51395825,126.8401186
양천구 남부순환로 614,37.51402902,126.8403478
양천구 남부순환로70길 6,37.52218054,126.8360518
양천구 지양로16길 56,37.52241112,126.8359272
양천구 지양로16길 52,37.52267084,126.8357705
양천구 남부순환로 508,37.52305792,126.8360385
양천구 남부순환로 502,37.52350048,126.8357722
양천구 남부순환로66길 9,37.52321917,126.8349827
양천구 남부순환로70길 16-7,37.522076,126.8346143
양천구 지양로16길 46-6,37.52308924,126.835105
양천구 남부순환로70길 8-9,37.52250664,126.8353549
양천구 남부순환로70길 11-4,37.52150972,126.8354499
양천구 남부순환로70길 17-8,37.52104541,126.8352367
양천구 남부순환로70길 17-6,37.52114957,126.8351785
양천구 남부순환로70길 19-5,37.52109875,126.8349831
양천구 남부순환로70길 20-6,37.52204725,126.8344153
양천구 지양로10길 17-15,37.52391756,126.8335215
양천구 지양로14길 12,37.52379325,126.8333507
양천구 지양로10길 7-7,37.52331853,126.8331102
양천구 지양로14길 5-6,37.52385717,126.8323582
양천구 지양로14길 5-12,37.52413549,126.832231
양천구 지양로16길 8,37.52433151,126.8321404
양천구 지양로 104,37.52422271,126.831542
양천구 지양로16길 10,37.52436519,126.8323228
양천구 지양로16길 13-1,37.52462169,126.8326919
양천구 지양로16길 15,37.52466465,126.8328723
양천구 지양로16길 26-1,37.52418827,126.8338777
양천구 지양로16길 29-1,37.52423328,126.8344264
양천구 지양로16길 34,37.52388101,126.8346987
양천구 지양로10길 22,37.52369592,126.8350702
양천구 지양로10길 16-1,37.52353867,126.8346614
양천구 지양로10길 15,37.52362285,126.8343609
양천구 지양로7길 5-12,37.5211987,126.8335278
양천구 지양로7길 13-4,37.52103808,126.8330327
양천구 지양로9길 19,37.52095897,126.8320184
양천구 지양로7길 17-4,37.52076465,126.8327331
양천구 지양로7길 19,37.52072065,126.8323952
양천구 지양로7길 31,37.51980384,126.8316038
양천구 지양로7길 35,37.51956917,126.8315094
양천구 지양로7길 37-1,37.5193219,126.8314167
양천구 지양로7길 43,37.51894644,126.831283
양천구 지양로7길 27-20,37.51901486,126.8315006
양천구 지양로7길 27-8,37.51972074,126.8317731
양천구 지양로7길 28-2,37.52041357,126.8314932
양천구 지양로7길 28-8,37.52062271,126.8311278
양천구 지양로7길 28-14,37.52083657,126.8307203
양천구 지양로7길 24-17,37.52103118,126.8307207
양천구 지양로11길 22-2,37.52136046,126.8313259
양천구 지양로11길 16-15,37.52165553,126.8307484
양천구 지양로11길 16-9,37.52168994,126.8310631
양천구 지양로11길 12,37.52187549,126.8319702
양천구 지양로11길 4,37.52251564,126.8325287
양천구 지양로13길 14,37.52263269,126.8306444
양천구 지양로13길 20,37.52243922,126.8301864
양천구 지양로13길 21,37.52202892,126.8301982
양천구 지양로15길 22,37.5225106,126.82945
양천구 지양로15길 13,37.52278815,126.8305447
양천구 지양로15길 7,37.52307709,126.8311666
양천구 지양로15길 1,37.52329437,126.831636
양천구 지양로2길 37,37.5196699,126.8363792
양천구 지양로2길 38,37.51993272,126.8366334
양천구 지양로2길 36-3,37.51994285,126.8370519
양천구 남부순환로74길 9,37.51926257,126.8373608
양천구 지양로2길 11,37.5179474,126.8381028
양천구 신월로5길 28,37.51703359,126.8377651
양천구 신월로5길 20,37.5167959,126.8370404
양천구 신월로7길 2,37.51674585,126.8368816
양천구 신월로5길 4,37.51636488,126.835628
양천구 신월로5길 10,37.51645778,126.8358895
양천구 신월로5길 14-1,37.51662475,126.8364862
양천구 신월로7길 12-1,37.51715754,126.8371556
양천구 신월로7길 16,37.51732433,126.8374295
양천구 지양로3길 3,37.51865721,126.8366638
양천구 신월로 220,37.52135003,126.846604
양천구 신월로 228,37.52194843,126.8470569
양천구 중앙로45길 22-15,37.52184102,126.8507096
양천구 중앙로45길 27-16,37.52094716,126.8495933
양천구 중앙로45길 31-15,37.52133801,126.8488839
양천구 중앙로29길 108,37.52110015,126.8485315
양천구 중앙로29길120-24,37.52167996,126.8481226
양천구 중앙로29길120-13,37.52200713,126.8479968
양천구 중앙로29길98,37.52017349,126.8487641
양천구 중앙로29길88,37.51932673,126.8486943
양천구 중앙로29길82,37.51876855,126.848687
양천구 중앙로29길54,37.51626507,126.8485805
양천구 중앙로47길54,37.51713793,126.8489801
양천구 중앙로47길61,37.51640662,126.8486501
양천구 중앙로47길46,37.51756989,126.849345
양천구 중앙로29가길9,37.51730517,126.8501232
양천구 중앙로25길48,37.51544447,126.8489608
양천구 중앙로25길40,37.51550999,126.8497487
양천구 중앙로25길28,37.51559825,126.8511409
양천구 중앙로25길24,37.51563767,126.8516832
양천구 중앙로25길38-6,37.51591852,126.8499044
양천구 중앙로29길43-2,37.51597894,126.8493078
양천구 중앙로29길40-3,37.51635182,126.8495558
양천구 중앙로29길29-1,37.51653152,126.8507905
양천구 중앙로29길23,37.51666753,126.8515469
양천구 중앙로23길16,37.51633005,126.8538862
양천구 중앙로215,37.51565965,126.854577
양천구 중앙로23길14,37.51624693,126.8539261
양천구 중앙로218,37.51609795,126.854987
양천구 중앙로222-10,37.51656185,126.8551845
양천구 중앙로228,37.51699064,126.8546018
양천구 중앙로34가길1,37.51897445,126.854288
양천구 중앙로34가길13,37.51917746,126.855548
양천구 중앙로36길10,37.51933184,126.8549928
양천구 중앙로36길8-1,37.51922827,126.8548124
양천구 중앙로36길16-1,37.51945504,126.8558997
양천구 은행정로5길42,37.52090161,126.8551052
양천구 은행정로5길38,37.52095566,126.8556849
양천구 은행정로5길24,37.52113338,126.8571968
양천구 은행정로9,37.52052642,126.8597923
양천구 은행정로6길7,37.52152153,126.8605919
양천구 신월로38길7,37.52131193,126.8612558
양천구 신월로38길9,37.52120555,126.8612793
양천구 중앙로32길67,37.52046581,126.8609641
양천구 신월로372-1,37.52177795,126.8625085
양천구 남부순환로645,37.51151853,126.8422024
양천구 목동로11길20,37.52333985,126.8628277
양천구 오목로24길2,37.52390831,126.8515956
양천구 중앙로48길6,37.52300639,126.8523731
양천구 중앙로48길13,37.52337765,126.8529163
양천구 오목로30길1,37.52434077,126.8534494
양천구 오목로29길5,37.52520802,126.8533361
양천구 중앙로52길16-11,37.52502907,126.8519512
양천구 오목로139,37.52471527,126.8529089
양천구 중앙로52길8-15,37.52511438,126.8515847
양천구 중앙로322,37.52480787,126.8508031
양천구 중앙로334,37.52585337,126.8502177
양천구 중앙로328,37.52537405,126.8505164
양천구 중앙로350,37.5271999,126.8495713
양천구 신정중앙로13,37.52795196,126.8534292
양천구 신정중앙로24,37.52749122,126.8542581
양천구 신정중앙로28,37.52735294,126.8547937
양천구 은행정로19길22,37.52781219,126.8562747
양천구 은행정로19가길14-1,37.52839227,126.8569561
양천구 은행정로97,37.52836039,126.8584567
양천구 은행정로92,37.52797496,126.858851
양천구 신정중앙로21길37,37.52731581,126.8590206
양천구 국회대로224,37.52882195,126.8598037
양천구 은행정로20길5-17,37.52869686,126.8596241
양천구 목동로25길33-1,37.52869496,126.8604526
양천구 목동로25길34,37.52864552,126.8609307
양천구 목동로29길15,37.52875161,126.8616552
양천구 국회대로8길8,37.52873435,126.8620023
양천구 국회대로246,37.52911641,126.8622651
양천구 목동로29길1,37.52892309,126.8632222
양천구 국회대로10길2,37.52923877,126.863194
양천구 목동로23길12,37.52745034,126.8623125
양천구 목동로23길14-1,37.52752594,126.8618576
양천구 목동로23길34,37.52794454,126.859714
양천구 신정중앙로17길10,37.527773,126.8602533
양천구 신정중앙로55,37.527273,126.8580328
양천구 신정중앙로21길12,37.52703954,126.8620539
양천구 신정중앙로53,37.52729387,126.8576327
양천구 신정중앙로41,37.52749787,126.8563775
양천구 신정중앙로46,37.5271225,126.8565883
양천구 은행정로18길16-1,37.52622946,126.8607543
양천구 오목로203-2,37.52597692,126.8600087
양천구 은행정로70-10,37.52589697,126.8595243
양천구 목동로21길1,37.52539018,126.8636207
양천구 목동로177,37.52431307,126.8645137
양천구 목동로9길7,37.52283678,126.8638043
양천구 목동로9길22,37.52282281,126.8621765
양천구 목동로9길38,37.52265015,126.8603813
양천구 은행정로7길16,37.52231723,126.8578199
양천구 은행정로7길21,37.52207314,126.8572864
양천구 은행정로7길36,37.52208181,126.8557437
양천구 은행정로7길39,37.52189644,126.8552764
양천구 오목로30길34,37.52197776,126.8545836
양천구 은행정로7길39-1,37.52183358,126.855084
양천구 은행정로7길49,37.52170713,126.8540272
양천구 중앙로46길12-5,37.52194142,126.853684
양천구 중앙로46길23,37.52241446,126.8547133
양천구 중앙로46길45,37.52268958,126.8571896
양천구 중앙로46길55,37.52280881,126.8581897
양천구 중앙로46길56,37.52266363,126.8583915
양천구 중앙로46길63,37.52293462,126.8591164
양천구 목동로17길40,37.52426286,126.8596326
양천구 오목로42길12,37.52434663,126.8602914
양천구 목동로17길28,37.52434471,126.8608846
양천구 목동로17길3,37.52447008,126.8637787
양천구 목동로17길1,37.5244832,126.8639035
양천구 목동로19길8,37.52511679,126.8635148
양천구 목동로21길21,37.52511324,126.8613237
양천구 목동로21길16,37.52538251,126.8619794
양천구 목동로21길16-1,37.52535723,126.8618553
양천구 목동로21길14,37.52542003,126.8622474
양천구 목동로19길43,37.52442692,126.8596948
양천구 중앙로48길67,37.52458217,126.8589473
양천구 중앙로48길46,37.52403447,126.8563472
양천구 오목로38길6,37.52443316,126.8563423
양천구 은행정로13길14,37.52480866,126.8576529
양천구 은행정로13길6,37.52494744,126.8584948
양천구 은행정로11길13-1,37.5238271,126.8577203
양천구 오목로40길20,37.52304963,126.8576494
양천구 은행정로11나길2-1,37.52373282,126.8579899
양천구 은행정로11가길6,37.52366316,126.8587299
양천구 은행정로11나길7,37.52337424,126.8583807
양천구 목동로11길39,37.52290629,126.8605226
양천구 목동로11길24,37.52330203,126.8623823
양천구 오목로48길29,37.52321937,126.8633625
양천구 목동로13길6-1,37.52378141,126.8635883
양천구 오목로48길22,37.52388663,126.8630347
양천구 목동로13길9,37.52354187,126.8630799
양천구 목동로13길15,37.52346364,126.8625167
양천구 오목로46길23,37.5236202,126.8620241
양천구 오목로34길15-11,37.52392741,126.8563981
양천구 오목로34길16,37.52347497,126.8555528
양천구 오목로38길20,37.52324567,126.8562896
양천구 오목로32길23-9,37.52299124,126.8557154
양천구 오목로32길23-2,37.52278655,126.855431
양천구 오목로32길22,37.52294811,126.8550033
양천구 오목로32길17-3,37.52336321,126.8554442
양천구 오목로34길6-2,37.52434343,126.8553896
양천구 중앙로48길33,37.52400591,126.8551623
양천구 오목로32길10,37.523891,126.8547753
양천구 중앙로48길16-1,37.52323243,126.8534406
양천구 은행정로17길6,37.52666389,126.858229
양천구 은행정로17길22-1,37.52693688,126.856504
양천구 신정중앙로12길2,37.52735582,126.8543469
양천구 신정중앙로12길4,37.52723297,126.8543109
양천구 오목로29길26,37.5269486,126.8539391
양천구 오목로29길20,37.52629422,126.8538044
양천구 오목로29길21-6,37.52671405,126.8532718
양천구 은행정로17길55,37.52727897,126.8527559
양천구 은행정로17길56,37.52752858,126.8525606
양천구 은행정로17길62,37.52759806,126.8521451
양천구 오목로23길38,37.52735189,126.8500597
양천구 오목로23길30,37.52685413,126.8503747
양천구 오목로23길25-1,37.52635003,126.850311
양천구 중앙로54길19-1,37.52660172,126.8519874
양천구 중앙로54길22,37.52629656,126.8522105
양천구 중앙로52길29,37.52580195,126.8536189
양천구 중앙로52길36,37.52570639,126.8543037
양천구 중앙로52길28,37.52555586,126.8533045
양천구 중앙로52길41,37.52597502,126.8550671
양천구 오목로159-17,37.5256932,126.8549345
양천구 오목로37길9,37.52594761,126.8560854
양천구 중앙로52길55,37.52616411,126.8565926
양천구 중앙로52길62,37.52603577,126.8571551
양천구 은행정로15길15,37.5256425,126.8573244
양천구 중앙로52길72-1,37.52618896,126.858368
양천구 중앙로52길73,37.52642901,126.8586177
양천구 신목로77,37.52207638,126.8734052
양천구 신목로5길6-10,37.51827893,126.8729936
양천구 목동동로10길16-5,37.51889403,126.8718951
양천구 신목로5길15,37.51756615,126.8722407
양천구 목동동로8길31-8,37.51635983,126.8724392
양천구 목동동로10길12-8,37.51841531,126.8708059
양천구 신목로6길6-13,37.5188695,126.8742184
양천구 신목로6길6-6,37.51914793,126.8738981
양천구 신목로58-13,37.52037163,126.8740272
양천구 신목로58-17,37.52041911,126.874365
양천구 신목로12길12,37.52073081,126.8744911
양천구 신목로12길2,37.52133255,126.8740332
양천구 신목로12길11,37.520688,126.8748176
양천구 신목로4길11,37.51906191,126.8747718
양천구 신목로2길7,37.51850223,126.875992
양천구 신목로2길17,37.51932733,126.8762104
양천구 신목로2길21,37.51961444,126.8763423
양천구 목동남로68,37.50969039,126.866622
양천구 목동남로2길15,37.50795491,126.8644318
양천구 목동남로2길21,37.50777832,126.8645197
양천구 목동남로2길47,37.50661209,126.8643047
양천구 목동남로2길50-3,37.5063585,126.8638718
양천구 목동남로2길58,37.50614715,126.8641323