구로구 서해안로 2227,37.48791891,126.83382
구로구 서해안로 2278,37.49023013,126.8387729
구로구 서해안로 2344,37.4936343,126.8447744
구로구 서해안로 2283,37.49093194,126.8390339
구로구 시흥대로 38,37.47945999,126.897381
구로구 오리로 1181,37.48835144,126.8360358
구로구 오리로 1171-8,37.48794198,126.8366383
구로구 오리로 1171-14,37.48764772,126.8366946
구로구 오리로 1305,37.49797363,126.8289369
구로구 오리로 1277,37.49565101,126.8299043
구로구 오리로 1266-1,37.49480871,126.8308834
구로구 오리로 1270,37.49500393,126.8307703
구로구 벚꽃로 398,37.48965692,126.8804378
구로구 벚꽃로 414-1,37.49118754,126.880366
구로구 벚꽃로 446,37.49379903,126.8802497
구로구 벚꽃로 466,37.49571299,126.8801547
구로구 벚꽃로 468,37.4958845,126.880127
구로구 벚꽃로 484,37.49729226,126.8801023
구로구 남부순환로105길 42,37.47957509,126.8903728
구로구 시흥대로161길 36-6,37.47967194,126.8975517
구로구 시흥대로161길 24,37.47981991,126.8980444
구로구 시흥대로161길 20,37.47992989,126.8981819
구로구 시흥대로161길 18,37.4799946,126.8983002
구로구 남부순환로105길 76,37.48016661,126.8886925
구로구 시흥대로161가길 4,37.48020712,126.8986028
구로구 디지털로32가길 82,37.48023518,126.8968038
구로구 디지털로32다길 64,37.48031776,126.8985957
구로구 디지털로24가길 18,37.48035164,126.8929904
구로구 시흥대로161가길 16-6,37.48044202,126.898229
구로구 디지털로32다길 60,37.480514,126.8986283
구로구 시흥대로161가길 26,37.48053982,126.8975951
구로구 디지털로32다길 58,37.48061005,126.8986308
구로구 디지털로 24길4,37.48018791,126.8919303
구로구 디지털로32가길 76-17,37.48098465,126.8970326
구로구 디지털로32다길 46,37.48116989,126.8988758
구로구 디지털로26길 61,37.48113825,126.8952964
구로구 남부순환로105길 118-4,37.48159983,126.8872486
구로구 디지털로32가길 46-5,37.4816111,126.8975693
구로구 시흥대로163길 17,37.48164129,126.8989115
구로구 개봉로1다길 13-33,37.48191676,126.8511248
구로구 개봉로1길 126,37.48194096,126.8519432
구로구 개봉로1다길 21-7,37.48205913,126.8517529
구로구 디지털로32다길 13,37.48224971,126.9000989
구로구 개봉로3가길 96,37.48243418,126.8520895
구로구 개봉로1길 102,37.48264025,126.8529463
구로구 우마2길 49,37.4827561,126.8902857
구로구 디지털로32길 96,37.48276768,126.9002285
구로구 개봉로1길 90,37.48300946,126.853428
구로구 디지털로32길 82,37.48301459,126.8995798
구로구 우마2길 59,37.48306662,126.8907386
구로구 개봉로3가길 82-9,37.48316624,126.852102
구로구 남부순환로105길 166,37.48321463,126.8853292
구로구 우마1길 32,37.48331864,126.8890245
구로구 디지털로 242,37.48082621,126.8926201
구로구 디지털로 235,37.48111134,126.8916466
구로구 디지털로 221,37.4801153,126.8904586
구로구 개봉로3가길 88-26,37.48358885,126.8514885
구로구 우마1길 39,37.48367679,126.8889505
구로구 디지털로27나길 10-6,37.48392743,126.8918313
구로구 개봉로1나길 8,37.48394829,126.8535405
구로구 구로동로5길 39-17,37.48396259,126.884453
구로구 구로동로 27,37.48406247,126.8862415
구로구 디지털로27길 58,37.48407406,126.8909071
구로구 디지털로27길 83,37.48418597,126.8894021
구로구 개봉로1길 62,37.4841835,126.8540283
구로구 남부순환로105길 202,37.48434192,126.8837534
구로구 개봉로1길 54,37.48455607,126.8541215
구로구 구로동로5길 6-13,37.48459914,126.8850693
구로구 개봉로1나길 36,37.48477729,126.8525218
구로구 개봉로1길 46,37.48490606,126.8543525
구로구 구로동로35길 22,37.49319382,126.8823532
구로구 구로동로5길 2,37.4850426,126.8857503
구로구 디지털로27길 120-3,37.48505897,126.8875681
구로구 남부순환로105길 228,37.48507309,126.8827457
구로구 개봉로3길 121,37.48507647,126.8508014
구로구 남부순환로105길 234,37.48529011,126.8824473
구로구 디지털로27길 124-12,37.48530807,126.8876546
구로구 개봉로1나길 52,37.48553637,126.8524345
구로구 개봉로1나길 46-17,37.48547029,126.8532804
구로구 개봉로1길 30,37.48552777,126.8546722
구로구 개봉로1가길 11,37.48569563,126.854771
구로구 개봉로1길 18,37.48578637,126.8552878
구로구 남부순환로105길 258,37.48582396,126.8813861
구로구 구로동로 79,37.48583608,126.8854508
구로구 개봉로3길 51,37.48593691,126.8534029
구로구 개봉로3길 69,37.48598587,126.8523399
구로구 개봉로 7,37.48619403,126.8561694
구로구 도림로3길 19,37.48620348,126.8865267
구로구 구로동로7길 31-32,37.4861205,126.884456
구로구 도림로10길 5-4,37.48618625,126.8880805
구로구 개봉로3길 9,37.48619345,126.8557896
구로구 구로동로18길 44-30,37.48628167,126.8861785
구로구 구로동로 86,37.48637713,126.8856425
구로구 구로동로8길 17,37.48665986,126.8861014
구로구 구로동로18길 56-16,37.48670146,126.8871177
구로구 구로동로7다길 11,37.48675974,126.8825379
구로구 오리로9길 33-12,37.48677945,126.8357111
구로구 오리로13길 105,37.4867136,126.8299668
구로구 오리로9길 37,37.48684309,126.835591
구로구 도림로12길 15-3,37.48688047,126.889003
구로구 구로동로12길 4,37.48688478,126.8854945
구로구 도림로12길 9,37.48692122,126.8886798
구로구 구로동로18길 44-12,37.48696395,126.8865891
구로구 디지털로35길 10,37.48707197,126.8965725
구로구 구로동로12길 16-9,37.48728913,126.8862109
구로구 구로동로17길 37-54,37.48736984,126.8815688
구로구 디지털로27라길 67,37.4874269,126.8898443
구로구 구로동로18길 44,37.487429,126.8868738
구로구 개봉로19길 133,37.49499671,126.850733
구로구 오리로11길 71,37.48756277,126.8323883
구로구 부일로 861-6,37.49264847,126.8226626
구로구 부일로 985,37.493448,126.8369577
구로구 부일로 989-8,37.49368569,126.8369414
구로구 디지털로35길 34,37.48770474,126.8958019
구로구 도림로20길 68,37.48773582,126.8946992
구로구 가마산로 134,37.48790539,126.8806473
구로구 구로동로17길 57-8,37.48790049,126.8813539
구로구 개봉로11길 86,37.48801974,126.8513227
구로구 도림로20가길 30,37.48807093,126.893187
구로구 서해안로20길 44,37.48806084,126.8386572
구로구 구로동로22길 87,37.48816059,126.8887894
구로구 오리로11길 33,37.48828346,126.8345391
구로구 구로동로8길 62-8,37.48825452,126.8877008
구로구 구로동로22길 82,37.48829082,126.8884503
구로구 개봉로12길 35-4,37.48832197,126.8586776
구로구 개봉로2길 75,37.48836305,126.8593476
구로구 개봉로2길 75-10,37.48874659,126.8591899
구로구 구로동로17길 40,37.488417,126.8823211
구로구 오리로10길 44-10,37.48842088,126.839196
구로구 구로동로17길 46,37.4884845,126.8818896
구로구 구로동로17길 56-5,37.48851927,126.8816644
구로구 서해안로20길 31,37.48853594,126.8384385
구로구 오리로10길 44-9,37.48858282,126.8394358
구로구 개봉로12길 9-10,37.4885428,126.8570476
구로구 개봉로14길 20,37.48858928,126.8580634
구로구 구로동로8길 70-3,37.488785,126.8876969
구로구 개봉로2길 87-1,37.48878673,126.8597051
구로구 오리로13길 56-41,37.48880785,126.8305695
구로구 개봉로11길 10-38,37.48886566,126.8556276
구로구 도림로20길 18,37.48894798,126.8924128
구로구 구로동로12길 59-10,37.48906503,126.8863995
구로구 구로동로12길 60,37.48914136,126.8868669
구로구 구로동로22길 51,37.4891635,126.8872187
구로구 오리로13길 34,37.48918634,126.8321291
구로구 구로동로22길 36,37.4892223,126.8863106
구로구 도림천로 376,37.49134354,126.895113
구로구 오리로13길 18,37.48948957,126.8328831
구로구 구로동로12길 70,37.48955261,126.8872293
구로구 개봉로15길 49,37.48972265,126.8531356
구로구 개봉로11나길 10-18,37.4897393,126.8515432
구로구 개봉로11나길 4-22,37.48974649,126.8517307
구로구 서해안로21길 5-13,37.48980438,126.8373661
구로구 오류로8다길 32,37.48983321,126.8429627
구로구 가마산로 153-7,37.4898572,126.8808241
구로구 개봉로15길 58-2,37.4899685,126.8528775
구로구 개봉로15길 94,37.48997319,126.8507938
구로구 개봉로15길 34,37.48998451,126.8541279
구로구 오류로8나길 21,37.49009173,126.8415752
구로구 개봉로15길 46-8,37.49017664,126.8533957
구로구 개봉로15길 84-8,37.49016625,126.8513043
구로구 가마산로 159-14,37.49024324,126.8804337
구로구 개봉로15길 58-10,37.49034326,126.8528474
구로구 개봉로15길 10-11,37.49043454,126.8551678
구로구 오류로8다길 14,37.49047194,126.8423565
구로구 가마산로5길 13,37.49051524,126.8806043
구로구 개봉로15길 84-15,37.4904838,126.8508699
구로구 구로동로28길 58,37.49066505,126.8874315
구로구 구로중앙로5길 35,37.49066946,126.8909612
구로구 서해안로21길 28,37.49073995,126.8381049
구로구 오류로8나길 8,37.49071628,126.841506
구로구 구로중앙로7길 28,37.49046591,126.8892401
구로구 가마산로7길 13,37.49100331,126.8810646
구로구 개봉로17길 91,37.49103981,126.8507311
구로구 구로동로28길 78-2,37.49109343,126.8882765
구로구 구로중앙로7길 16,37.49112107,126.8910529
구로구 개봉로17길 73,37.49110298,126.851761
구로구 개봉로17길 65,37.49112463,126.8522701
구로구 오류로8라길 24,37.49111385,126.8436558
구로구 개봉로15길 18-28,37.49120704,126.8548949
구로구 오류로8라길 26,37.49122209,126.8437417
구로구 도림로23길 14,37.4912229,126.8930432
구로구 개봉로17길 90,37.49128914,126.850925
구로구 오류로8가길 23,37.49133385,126.8428063
구로구 부일로1가길 21,37.49138178,126.819758
구로구 구로중앙로7길 6,37.4914388,126.8914769
구로구 가마산로20라길 20-7,37.49147356,126.8877773
구로구 개봉로18길 8,37.49151552,126.8564355
구로구 부일로1가길 34,37.49161526,126.8191593
구로구 가마산로 174-9,37.49154872,126.8821734
구로구 경인로3길 10,37.50560847,126.8845901
구로구 개봉로17아길 10,37.49167616,126.8511567
구로구 가마산로 175,37.4916974,126.8817418
구로구 가마산로20길 43,37.49174553,126.8864709
구로구 가마산로9길 8-21,37.49189479,126.8809356
구로구 오류로8라길 44,37.49194374,126.8440539
구로구 가마산로20다길 22-10,37.49196621,126.8873914
구로구 개봉로17마길 14,37.49197137,126.8532073
구로구 가마산로20다길 28-13,37.49197749,126.8880147
구로구 가마산로20다길 28-14,37.49211379,126.8877571
구로구 부일로1가길 18-16,37.49206365,126.8190559
구로구 개봉로17아길 20,37.4920722,126.8511274
구로구 구로중앙로11길 14,37.49209977,126.890681
구로구 가마산로11길 10,37.49216653,126.8814424
구로구 구로동로28길 33-41,37.49224083,126.8857449
구로구 가마산로22길 48,37.49229149,126.888052
구로구 부일로1가길 12-29,37.49232359,126.8191972
구로구 개봉로17아길 28,37.49236189,126.8510838
구로구 벚꽃로68길 5,37.49233719,126.8805213
구로구 부일로1길 26-13,37.4924539,126.8207985
구로구 서해안로28길 15,37.49261976,126.8432454
구로구 부일로1길 26-19,37.49264506,126.8210316
구로구 개봉로17아길 34,37.49266701,126.8510604
구로구 가마산로20길 19,37.49279268,126.886266
구로구 가마산로20나길 22-2,37.49284392,126.8871418
구로구 가마산로20다길 45,37.49283298,126.8887595
구로구 개봉로20길 101,37.49284691,126.8600246
구로구 부일로5길 16,37.49309207,126.8226915
구로구 개봉로20길 91-20,37.49307456,126.8603909
구로구 개봉로20길 91-28,37.49302429,126.8608321
구로구 부일로5길 30,37.49308849,126.8219649
구로구 오류로8바길 8,37.49322518,126.8462997
구로구 부일로1길 62,37.49329034,126.8190684
구로구 구로동로41길 65,37.49330428,126.881174
구로구 부일로11길 2,37.4933782,126.8322067
구로구 개봉로17다길 6,37.49344115,126.8551141
구로구 오류로8바길 3-5,37.49345037,126.8467048
구로구 부일로7길 13,37.49348976,126.8244454
구로구 구로동로35길 16,37.49353899,126.8824694
구로구 개봉로17나길 62,37.49352546,126.851965
구로구 구로중앙로15길 21,37.49355761,126.8889046
구로구 가마산로15길 6-2,37.49357615,126.8840401
구로구 개봉로17아길 41,37.49317225,126.8507354
구로구 구로동로35길 13,37.49363497,126.8828453
구로구 구로동로41길 58,37.49373027,126.8809802
구로구 부일로15길 13,37.49376779,126.8337644
구로구 부일로11길 13,37.4937907,126.8317977
구로구 개봉로17아길 58,37.4937757,126.8509583
구로구 개봉로17아길 41-27,37.49379453,126.8496953
구로구 부일로7길 21,37.49382344,126.8241906
구로구 구로중앙로14길 42,37.49388465,126.8929338
구로구 부일로1길 81,37.49390013,126.8181934
구로구 서해안로34가길 42,37.49393909,126.8495603
구로구 오류로8길 138-1,37.4939634,126.8474312
구로구 서해안로34가길 27 건너편,37.49399401,126.8487417
구로구 구로중앙로14길 46,37.49401848,126.8930382
구로구 구로중앙로19길 25-25,37.49316577,126.88835
구로구 부일로19길 16,37.49404531,126.8366108
구로구 부일로1길 99-17,37.49415618,126.8179419
구로구 부일로11길 20,37.49418917,126.8318181
구로구 부일로13길 22,37.49418806,126.8322493
구로구 오류로8길 147,37.49421978,126.8478711
구로구 가마산로19길 25,37.4942496,126.8846024
구로구 개봉로17바길 69,37.49427827,126.8516767
구로구 부일로11길 25,37.49432665,126.8314001
구로구 서해안로34가길 11-20,37.49432293,126.8495121
구로구 부일로13길 29,37.49441187,126.8316479
구로구 구로중앙로19길 11,37.49445517,126.8885566
구로구 서해안로34가길 3,37.49451968,126.8485902
구로구 벚꽃로74길 20,37.49458624,126.8810986
구로구 경인로13길 8,37.49460195,126.8392811
구로구 서해안로34길 16,37.49462681,126.8490783
구로구 부일로1길 101,37.49481325,126.8179463
구로구 벚꽃로74길 1,37.49480073,126.8801832
구로구 구로동로38길 46,37.49490447,126.8854711
구로구 경인로20나길 30,37.49480763,126.8417768
구로구 개봉로17나길 108-3,37.49490981,126.8500988
구로구 구로중앙로18길 5,37.49492482,126.8896413
구로구 부일로15나길 17,37.49497277,126.8337817
구로구 부일로15길 59,37.49498746,126.831783
구로구 경인로15가길 16,37.49499125,126.8379985
구로구 경인로15가길 37,37.49497802,126.8374314
구로구 부일로17길 50,37.4950065,126.8331966
구로구 부일로1길 136-5,37.49509903,126.8160493
구로구 부일로13길 45,37.49508938,126.8314678
구로구 부일로11길 44,37.49512255,126.8312608
구로구 경인로15가길 39,37.49511933,126.8374391
구로구 구로중앙로18길 11,37.49512271,126.8899793
구로구 경인로15길 19,37.49514132,126.8392354
구로구 부일로1길 109,37.49514505,126.8178225
구로구 부일로1길 136-9,37.49524514,126.8157911
구로구 구로중앙로21길 72,37.49525811,126.884561
구로구 부일로17길 73,37.49526108,126.8319812
구로구 구로동로43길 41,37.49527456,126.8805942
구로구 부일로1길 115,37.49528917,126.8178563
구로구 부일로1길 136-7,37.49540442,126.8162199
구로구 고척로6길 14,37.50004846,126.8441447
구로구 경인로15길 22,37.49547496,126.8391811
구로구 부일로1길 116-6,37.49548075,126.8181772
구로구 구로동로43길 31,37.49547169,126.881079
구로구 부일로1길 136-6,37.49549827,126.8169082
구로구 고척로 7,37.49549005,126.8405376
구로구 고척로3길 5-9,37.49559813,126.8399367
구로구 경인로20가길 15,37.49562817,126.8446696
구로구 구로중앙로21길 58,37.49565845,126.8852135
구로구 부일로11길 101,37.49746187,126.8296631
구로구 구로동로40나길 9,37.49576772,126.8847207
구로구 경인로40길 28,37.49585317,126.8588287
구로구 부일로13길 66-5,37.49586377,126.8324074
구로구 구로동로43길 17,37.49592044,126.8817705
구로구 오리로21길 104,37.49606815,126.8253345
구로구 부일로1다길 18,37.49601897,126.818252
구로구 구로동로43길 13,37.49599742,126.8820153
구로구 부일로1다길 16-5,37.49602648,126.8185326
구로구 부일로1다길 16-9,37.49602369,126.818774
구로구 구로중앙로21길 10,37.49603428,126.8875779
구로구 경인로15길 48,37.49605578,126.8382509
구로구 부일로17길 97,37.49605428,126.8309515
구로구 고척로3가길 11,37.49607658,126.8388618
구로구 구로중앙로21길 40,37.49608838,126.8859483
구로구 경인로20가길 49,37.49611663,126.8465295
구로구 구로중앙로18길 53,37.49611441,126.8918976
구로구 구로동로43길 24,37.49615054,126.8808671
구로구 개봉로24길 31,37.49613949,126.8584279
구로구 구로중앙로27나길 32,37.49614689,126.8852339
구로구 구로중앙로21길 10-15,37.49620975,126.8871116
구로구 고척로3길 29,37.49632845,126.8394172
구로구 경인로22길 64,37.49633038,126.8472671
구로구 구로중앙로18길 71,37.49639719,126.8924137
구로구 경인로20가길 69,37.49640864,126.847622
구로구 부일로9길 95,37.49640956,126.823737
구로구 고척로 20,37.49654656,126.8404193
구로구 구로중앙로22길 3,37.49646549,126.8881258
구로구 부일로17길 104-10,37.49655085,126.831315
구로구 구로동로42길 15,37.49653908,126.8830418
구로구 경인로15길 65-10,37.49657369,126.8368577
구로구 경인로15길 65,37.4962705,126.8371944
구로구 부일로1다길 34,37.49663778,126.8181937
구로구 부일로9길 98,37.4966343,126.8244474
구로구 부일로17길 112,37.49665505,126.8307579
구로구 부일로9길 82,37.49617557,126.8247577
구로구 오리로17길 47,37.49670076,126.8287108
구로구 벚꽃로76길 4,37.49672644,126.8799646
구로구 고척로 23,37.49672779,126.8396011
구로구 구로동로45길 26,37.49674516,126.8811766
구로구 경인로15길 65-16,37.49674159,126.8364667
구로구 오리로21길 80,37.49678143,126.8258595
구로구 구로중앙로27길 66,37.49681257,126.8827527
구로구 부일로17길 104-16,37.49684259,126.831201
구로구 고척로 24-10,37.49677417,126.8401268
구로구 고척로3길 55,37.49683569,126.8381497
구로구 오리로21길 79,37.49660614,126.828173
구로구 부일로9길 90-16,37.49687113,126.824731
구로구 고척로3길 57,37.49688304,126.8380173
구로구 고척로 24-6,37.49688273,126.8400374
구로구 벚꽃로78길 2,37.49696909,126.8799102
구로구 오리로17길 53,37.49696868,126.8285929
구로구 고척로 25-2,37.49698048,126.8394537
구로구 구로중앙로27나길 16,37.4969705,126.8850668
구로구 부일로9길 108,37.49708355,126.8235559
구로구 구로동로45길 14,37.4969876,126.8817086
구로구 경인로19길 32,37.49710268,126.8426094
구로구 오리로20길 28,37.49716914,126.8311071
구로구 경인로15길 75-31,37.49718598,126.8355948
구로구 구로동로 210-10,37.49724174,126.8831247
구로구 경인로19길 36-24,37.49727201,126.842864
구로구 오리로20길 26-5,37.49723608,126.8312373
구로구 구로중앙로27다길 1,37.49744242,126.8844651
구로구 구로중앙로22길 39-2,37.49750635,126.8893644
구로구 고척로10길 36,37.4975485,126.8412555
구로구 오리로17길 65,37.49754895,126.8284316
구로구 고척로3길 113,37.49764838,126.8357331
구로구 구로중앙로26길 16,37.49765817,126.8872058
구로구 고척로3길 82,37.49769612,126.8371798
구로구 고척로6길 11-8,37.49770964,126.8405854
구로구 구로중앙로27가길 13,37.49770916,126.8853895
구로구 구로중앙로27가길 23,37.49771521,126.8860544
구로구 오리로17길 71,37.49783203,126.8283866
구로구 구로중앙로27길 21,37.49782541,126.8849638
구로구 경인로25길 42,37.49786201,126.8433071
구로구 고척로6길 3,37.4979382,126.8397828
구로구 오리로17길 77-15,37.49795843,126.8277308
구로구 오리로20길 67-9,37.49803597,126.8305623
구로구 부일로11길 117,37.49809901,126.8295913
구로구 오리로21길 45,37.49811947,126.826848
구로구 구로중앙로26길 28-2,37.49814346,126.8868276
구로구 고척로3길 102,37.49813847,126.8362075
구로구 구로동로47길 10-5,37.49832336,126.8815615
구로구 고척로3길 86-12,37.49818685,126.8370614
구로구 구로중앙로27길 18,37.49816642,126.8849689
구로구 고척로16길 60,37.4981829,126.8437683
구로구 오리로20길 58,37.49837672,126.831106
구로구 구로동로 221-1,37.49838981,126.8822468
구로구 고척로 48,37.49838007,126.84021
구로구 오리로21길 31,37.49845298,126.827406
구로구 부일로17길 153,37.49848654,126.8299628
구로구 오리로21길 21,37.49843207,126.8278526
구로구 오리로21길 23,37.49848733,126.8276297
구로구 구로동로 224,37.49852086,126.8827068
구로구 경인로35길 32,37.49864365,126.8545678
구로구 경인로33길 14,37.4986426,126.85228
구로구 오리로21길 15,37.49867444,126.828211
구로구 고척로12길 45,37.49870628,126.8429606
구로구 고척로10길 13,37.49868839,126.8416705
구로구 고척로16길 48-12,37.49871234,126.8437991
구로구 고척로18나길 14-4,37.49874853,126.8464584
구로구 고척로16가길 20,37.4987525,126.8453842
구로구 고척로12길 40-2,37.49879515,126.842602
구로구 구로중앙로28길 10,37.49877963,126.8866162
구로구 구로중앙로28길 12-4,37.49876225,126.8867868
구로구 오리로21길 16-1,37.4989174,126.8280368
구로구 오리로22길 23,37.49894622,126.8305779
구로구 고척로16길 42,37.49902198,126.8442445
구로구 고척로12길 33,37.49900061,126.8428932
구로구 오리로22길 46-2,37.49901609,126.8318408
구로구 오리로22길 5,37.49912789,126.8295557
구로구 구로중앙로 103,37.49813119,126.8860819
구로구 구로중앙로 108,37.49849549,126.8863851
구로구 오리로21가길 16,37.49938042,126.8276364
구로구 오리로22길 31,37.49916102,126.8307578
구로구 구로동로 230-1,37.49919608,126.8826369
구로구 고척로18길 38,37.49921176,126.8454587
구로구 경인로33길 29,37.49925128,126.8515824
구로구 오리로22나길 6-5,37.49926178,126.8305641
구로구 오리로22길 46-9,37.49924572,126.8319242
구로구 구로중앙로28나길 4,37.49935081,126.8878163
구로구 구로동로50길 9,37.4993983,126.8830399
구로구 경서로1가길 14,37.49942991,126.8563774
구로구 오리로21길 16-13,37.49942915,126.8278952
구로구 구로중앙로 14,37.49159356,126.8923022
구로구 구로중앙로30길 29,37.49950897,126.8868088
구로구 고척로52길 128,37.49937796,126.8554387
구로구 경인로33나길 7,37.49958576,126.8511242
구로구 오리로22길 59,37.49959476,126.8320298
구로구 오리로21길 16-22,37.49961643,126.8276202
구로구 고척로12길 15-20,37.49964867,126.8435419
구로구 고척로18길 28,37.49968125,126.8452019
구로구 경인로33길 38,37.49966589,126.8519154
구로구 공원로 26,37.49998972,126.8920271
구로구 경인로35길 64-10,37.49988216,126.8532996
구로구 고척로18길 20,37.50003028,126.8450923
구로구 오리로21가길 31,37.5000164,126.8269143
구로구 구로중앙로22길 37,37.49738346,126.8893477
구로구 구로중앙로28가길 23,37.50006042,126.8861869
구로구 경인로33다길 15,37.50009689,126.8503697
구로구 구로중앙로28길 31-23,37.50018262,126.886584
구로구 경인로35길 64-18,37.50024946,126.8534843
구로구 오리로21가길 37,37.50031282,126.8268792
구로구 경인로33다길 12,37.50033194,126.8505418
구로구 경인로35나길 16,37.50037778,126.8530992
구로구 구로중앙로28가길 43,37.50046858,126.8852679
구로구 경인로35나길17,37.50047189,126.8528746
구로구 오리로22나길 16-41,37.5005345,126.8323979
구로구 경인로35길 64-25,37.50061581,126.8533787
구로구 오리로22나길 16-35,37.50062784,126.8313567
구로구 구로중앙로28길 31-34,37.50083366,126.8866431
구로구 고척로 94-4,37.50068478,126.8445537
구로구 구로중앙로34길 44-21,37.50078812,126.8854112
구로구 경인로35길 94-7,37.50080177,126.8528712
구로구 구로중앙로34길 40,37.50087255,126.8851662
구로구 고척로52마길 21-2,37.50089162,126.8543865
구로구 구로중앙로34길 17,37.50084058,126.884104
구로구 고척로52마길 25,37.50092517,126.8542625
구로구 경인로35길 98-1,37.5009106,126.852457
구로구 구로중앙로34길 33-4,37.50094083,126.8846611
구로구 고척로32길 44,37.50094232,126.8493607
구로구 고척로52라길 5-36,37.5009812,126.8547998
구로구 구로중앙로32가길 18,37.49996169,126.8850969
구로구 고척로22길 12,37.50100886,126.8464824
구로구 안양천로537나길 22,37.50105751,126.8680298
구로구 구로중앙로28다길 12,37.50109763,126.8890064
구로구 구로중앙로34길 33-14,37.50112317,126.8844913
구로구 고척로21가길 61-1,37.50119219,126.8429679
구로구 경서로7가길 44,37.50117443,126.8564812
구로구 구로중앙로34길 33-38,37.50124905,126.8840158
구로구 경인로35길 104-7,37.50124274,126.8527392
구로구 안양천로537다길 13,37.50126669,126.8687926
구로구 고척로21가길 84-52,37.50127418,126.8421257
구로구 고척로 95-10,37.50132766,126.8444595
구로구 구로중앙로34길 55,37.50132963,126.8857652
구로구 고척로52라길 19-28,37.50137382,126.8542647
구로구 고척로19가길 23,37.50146109,126.8440725
구로구 안양천로537나길 36,37.50148584,126.8674828
구로구 경인로47길 54,37.50146735,126.8653157
구로구 공원로7길 29,37.50148696,126.8875632
구로구 고척로21나길 61-20,37.50156817,126.8427221
구로구 고척로52라길 11-19,37.50158376,126.8549629
구로구 고척로21가길 84-53,37.50161508,126.8413072
구로구 구로중앙로34길 67,37.50169747,126.8865044
구로구 고척로52라길 5-16,37.5017411,126.8551758
구로구 구로중앙로28다길 30,37.50174365,126.8885863
구로구 새말로12길 39,37.50175553,126.8870132
구로구 고척로52라길 43,37.50177298,126.8543688
구로구 새말로 18-31,37.50179151,126.8833005
구로구 고척로52길 74,37.50182816,126.8558098
구로구 구로중앙로32다길 10-1,37.50194346,126.8857111
구로구 고척로21길 11-1,37.50197483,126.8460404
구로구 경서로5길 22,37.50200137,126.8576555
구로구 경서로7가길 15,37.50207613,126.8575524
구로구 고척로52라길 11-5,37.50217202,126.8552618
구로구 공원로7길 12,37.50213464,126.8882241
구로구 구로중앙로32가길 78-13,37.50223817,126.8862485
구로구 고척로52라길 5,37.5022476,126.8556664
구로구 고척로21나길 48-7,37.50235419,126.8428876
구로구 공원로11가길 11,37.50237654,126.8874607
구로구 고척로21나길 62,37.50240059,126.8425384
구로구 공원로11가길 10,37.50245906,126.8872321
구로구 새말로 38,37.50273451,126.8850624
구로구 고척로 123-13,37.50274281,126.8475037
구로구 경인로35다길 20-1,37.50275926,126.8531519
구로구 경서로7길 33,37.50284977,126.8576697
구로구 경인로47나길 19-5,37.50282817,126.866227
구로구 경인로47나길 13-11,37.50286118,126.8657481
구로구 고척로21나길 42-12,37.50280782,126.8431915
구로구 고척로25길 20,37.50271381,126.8471492
구로구 경서로7길 28,37.50292758,126.8581018
구로구 고척로21길 31,37.50294977,126.845582
구로구 고척로21나길 68,37.50306683,126.8423979
구로구 고척로52가길 69,37.50300934,126.8525693
구로구 고척로52가길 65,37.50306262,126.8528583
구로구 고척로21나길 8,37.50302202,126.8452064
구로구 고척로27길 16-16,37.50301915,126.8480329
구로구 새말로 44,37.5031023,126.8856052
구로구 고척로21나길 48-22,37.50322801,126.8428082
구로구 구로중앙로8길 41,37.4928686,126.893809
구로구 공원로8길 9-10,37.50334535,126.889716
구로구 경인로47나길 5-23,37.50336424,126.8654827
구로구 공원로8길 23,37.50337069,126.8905549
구로구 고척로21나길 88-97,37.50341309,126.8419389
구로구 고척로21나길 88-87,37.50355719,126.8417191
구로구 경인로47다길 10,37.50357267,126.864413
구로구 고척로52가길 39,37.50356797,126.8540875
구로구 경서로9길 35,37.50361134,126.8577937
구로구 고척로52가길 48,37.50361212,126.8534133
구로구 고척로21길 49,37.50366305,126.8452403
구로구 공원로6가길 52,37.5036675,126.8901135
구로구 고척로52다길 16,37.50369673,126.8554648
구로구 고척로19길 58,37.50371825,126.8445062
구로구 고척로21다길 34-13,37.50378383,126.8431581
구로구 공원로6나길5-6,37.50389672,126.8903904
구로구 고척로39길 12,37.50387359,126.8511157
구로구 고척로52가길 21,37.50391137,126.8549483
구로구 고척로21나길 48-80,37.50411033,126.8425666
구로구 고척로33길 35,37.50408965,126.8483893
구로구 고척로27길 48,37.5040843,126.846695
구로구 고척로21나길 48-71,37.5041907,126.8420576
구로구 경서로11길 45-1,37.50418077,126.858031
구로구 고척로19길 67-28,37.50419669,126.8433866
구로구 공원로6나길 11-12,37.50421036,126.8903584
구로구 공원로8길 59,37.50425468,126.8922613
구로구 고척로 177-3,37.50429859,126.853047
구로구 경인로47다길 11-16,37.50433324,126.8647372
구로구 경인로47다길 25-15,37.50445154,126.8649071
구로구 고척로25길 67,37.50444881,126.8455615
구로구 경인로47길 134,37.50446859,126.8632857
구로구 경인로47다길 31-17,37.50450858,126.865147
구로구 고척로19길 69-6,37.5045203,126.8436501
구로구 공원로6나길 11-20,37.50453707,126.8900888
구로구 고척로21라길 42-4,37.50455002,126.8423804
구로구 공원로6다길 14,37.50466069,126.8899843
구로구 경인로47다길 31-26,37.50470456,126.8648461
구로구 고척로33길 48,37.50476657,126.848298
구로구 고척로21길 55,37.50370596,126.8448486
구로구 고척로39가길 18,37.50477379,126.8500242
구로구 중앙로14가길 91,37.50478152,126.8659933
구로구 중앙로14가길 83,37.50486014,126.8656982
구로구 고척로39길 34,37.50484142,126.8509018
구로구 새말로16길 16,37.50484108,126.8903893
구로구 새말로18길 42,37.50485788,126.8924932
구로구 고척로 195,37.50491927,126.8548821
구로구 도림로 40-1,37.48760359,126.8889178
구로구 도림로 46,37.48790695,126.8893786
구로구 도림로 98,37.49085301,126.8938957
구로구 도림로 11,37.48581284,126.886802
구로구 공원로6나길 29-22,37.50507543,126.8908661
구로구 공원로6나길 35-23,37.50512889,126.8909403
구로구 공원로6나길 49-15,37.50522209,126.8918427
구로구 고척로27다길 28,37.50523337,126.8477696
구로구 고척로60길 20-1,37.50532582,126.859238
구로구 새말로18길 20-15,37.50536479,126.8921037
구로구 고척로25길 88,37.5054042,126.8451905
구로구 고척로47길 16-3,37.50541156,126.8544175
구로구 새말로18길 20-9,37.50548652,126.8923371
구로구 고척로27다길 48,37.50550967,126.8487845
구로구 고척로 222,37.50562838,126.8576322
구로구 고척로27다길41,37.50560359,126.8483904
구로구 고척로39길 53,37.50564813,126.850528
구로구 고척로27다길 64,37.50577261,126.8496133
구로구 고척로27길 90,37.5058209,126.8458386
구로구 고척로45길 46-1,37.50584723,126.8542565
구로구 고척로27길 93-60,37.5059132,126.8449137
구로구 고척로51길 20,37.50590606,126.8552557
구로구 고척로47길 33,37.5059644,126.8543132
구로구 고척로51길 28,37.50619182,126.8550148
구로구 중앙로 101,37.50614668,126.8600859
구로구 고척로27마길 3,37.50629389,126.8455963
구로구 고척로33길 91,37.50642687,126.8471916
구로구 고척로27길 107,37.50648211,126.8450944
구로구 고척로33다길 3-12,37.50654389,126.8475423
구로구 고척로25길 116,37.50656847,126.844638
구로구 중앙로14길 7,37.50657214,126.8610609
구로구 고척로27바길 6,37.50659376,126.8455603
구로구 고척로47길 56-2,37.50663242,126.8549082
구로구 고척로27길 114,37.506888,126.8453281
구로구 고척로51길 50,37.50685618,126.8539583
구로구 중앙로15길 80,37.5069521,126.8554994
구로구 고척로51길 71,37.50700025,126.8527086
구로구 고척로45길 75-7,37.50705357,126.8537169
구로구 고척로27길 119,37.50707175,126.8449649
구로구 고척로33라길 14-12,37.50709258,126.8491098
구로구 중앙로15길 94,37.50720292,126.8547716
구로구 고척로27바길 47,37.50745495,126.847453
구로구 고척로51가길 4,37.50752439,126.8519515
구로구 고척로27바길 59,37.50780876,126.8484201
구로구 중앙로15길 151,37.50842422,126.8516692
구로구 고척동 233,37.50644868,126.858869