서울 동대문구 답십리동 485-149,37.5681441747465,127.05304735467
서울 동대문구 답십리동 483-26,37.5690457922923,127.051850062854
서울 동대문구 답십리동 497-1,37.5695015394499,127.050338098806
서울 동대문구 답십리동 483-47,37.569783177243,127.051207173437
서울 동대문구 답십리동 482-14,37.5705837848539,127.051659374583
서울 동대문구 답십리동 485-1,37.5689381307839,127.053846160099
서울 동대문구 답십리동 485-39,37.568366930192,127.054564523763
서울 동대문구 답십리동 489-74,37.5677988609567,127.055320684911
서울 동대문구 답십리동 269-7,37.5695141468302,127.056146349983
서울 동대문구 답십리동 256-63,37.5707886812397,127.055985096075
서울 동대문구 답십리동 248-16,37.5719017475889,127.056223079566
서울 동대문구 답십리동 475-97,37.5734367807748,127.051049043388
서울 동대문구 답십리동 470-4,37.5731111571171,127.04979297952
서울 동대문구 답십리동 470-8,37.5727490007226,127.049475100536
서울 동대문구 전농동 647-39,37.5738488678717,127.04721950204
서울 동대문구 전농동 648-44,37.5749182021844,127.048906785878
서울 동대문구 답십리동 50-4,37.5716403887603,127.05840918623
서울 동대문구 답십리동 39-84,37.5704799181098,127.059111001275
서울 동대문구 답십리동 22-5,37.5689419367775,127.058714400043
서울 동대문구 답십리동 22-7,37.5685424976167,127.05858912126
서울 동대문구 답십리동 958-25,37.5653368001214,127.057765542558
서울 동대문구 답십리동 958-26,37.5654048834764,127.057830791653
서울 동대문구 답십리동 955-10,37.5659939159503,127.058820974229
서울 동대문구 답십리동 953-19,37.5662445348836,127.059077772289
서울 동대문구 답십리동 14-6,37.5668352522775,127.059388041401
서울 동대문구 답십리동 10-2,37.5673977670564,127.061282067268
서울 동대문구 답십리동 4-313,37.5693290243259,127.062705483649
서울 동대문구 답십리동 774,37.5708331921895,127.064459594314
서울 동대문구 답십리동 1-90,37.5739294959223,127.066348423121
서울 동대문구 답십리동 1-119,37.575187020752,127.066974760118
서울 동대문구 장안동 480-17,37.5616432040991,127.06909805253
서울 동대문구 장안동 466-4,37.5614159279832,127.069481417668
서울 동대문구 장안동 455-3,37.5627037938214,127.071026674085
서울 동대문구 장안동 439-19,37.5643134272204,127.070720447491
서울 동대문구 장안동 453-16,37.5629506843522,127.069483069352
서울 동대문구 장안동 480-10,37.5627377313663,127.068329522899
서울 동대문구 장안동 437-1,37.5654425765883,127.068545919596
서울 동대문구 장안동 582,37.5644665070893,127.067328944335
서울 동대문구 장안동 434,37.5637542523416,127.066724569715
서울 동대문구 장안동 428-5,37.5660290114953,127.066218831247
서울 동대문구 장안동 394-7,37.5679966594273,127.06676378305
서울 동대문구 장안동 378-1,37.5676363700778,127.067207060055
서울 동대문구 장안동 394-5,37.568214124149,127.067144304459
서울 동대문구 장안동 385-1,37.571468233583,127.06919904498
서울 동대문구 장안동 382-10,37.5696275673967,127.068310574053
서울 동대문구 장안동 391-16,37.5710007926929,127.068434194049
서울 동대문구 장안동 145-2,37.5717224509054,127.06693034026
서울 동대문구 장안동 351-11,37.5666893209474,127.06971473359
서울 동대문구 장안동 350-10,37.5671288687071,127.070251781802
서울 동대문구 장안동 349-26,37.5667590847181,127.071179935769
서울 동대문구 장안동 358-8,37.5649323482933,127.072164967856
서울 동대문구 장안동 439-1,37.5647206425429,127.070628245178
서울 동대문구 장안동 358-18,37.564600118445,127.071923105931
서울 동대문구 장안동 439-7,37.5641178355826,127.071295362956
서울 동대문구 장안동 444-1,37.5643244872403,127.069849712165
서울 동대문구 장안동 452-10,37.5632773980484,127.069000977542
서울 동대문구 장안동 447-17,37.564084893407,127.067874046171
서울 동대문구 장안동 190-70,37.5680315463892,127.063463124476
서울 동대문구 장안동 438-15,37.5649404989561,127.068928713099
서울 동대문구 장안동 445-2,37.5645131623255,127.069380275255
서울 동대문구 장안동 341-4,37.5701732464142,127.072773469942
서울 동대문구 장안동 92-17,37.5804741420246,127.072908706508
서울 동대문구 장안동 92-55,37.5807860190134,127.073130339465
서울 동대문구 장안동 93-116,37.5809517195753,127.072239636863
서울 동대문구 장안동 93-91,37.5811829163846,127.071496621627
서울 동대문구 장안동 585,37.581436242417,127.070049439958
서울 동대문구 장안동 94-3,37.580721224748,127.070182925776
서울 동대문구 장안동 342-24,37.5714836342971,127.072950880405
서울 동대문구 장안동 337-2,37.5711496085461,127.073719389244
서울 동대문구 장안동 342-6,37.5705072164426,127.072380777961
서울 동대문구 장안동 345-14,37.5694520941099,127.071438770852
서울 동대문구 장안동 339-6,37.5683341759006,127.071971407361
서울 동대문구 장안동 347-6,37.5680498880969,127.070818721994
서울 동대문구 장안동 346-7,37.5684760567359,127.070370428241
서울 동대문구 장안동 327-11,37.5773610596702,127.074016113549
서울 동대문구 장안동 288-2,37.5771404743413,127.070670426778
서울 동대문구 장안동 298-1,37.5763438854755,127.070703635434
서울 동대문구 장안동 302-2,37.5765320309388,127.071422326981
서울 동대문구 장안동 312-14,37.5764285123705,127.072594693143
서울 동대문구 장안동 326-10,37.5753349863934,127.073740155879
서울 동대문구 장안동 131-4,37.5746619013061,127.06904238466
서울 동대문구 장안동 135-1,37.5743228532962,127.069356206905
서울 동대문구 장안동 309-7,37.5737869470304,127.072496587179
서울 동대문구 장안동 476-7,37.5729757282138,127.072436597283
서울 동대문구 장안동 309-4,37.5730710436785,127.072452537602
서울 동대문구 장안동 143-26,37.5732523670575,127.068454819149
서울 동대문구 장안동 327,37.5769162415789,127.073867939663
서울 동대문구 전농동 103-393,37.5860125228651,127.053023688651
서울 동대문구 전농동 103-417,37.5845333372278,127.053280322193
서울 동대문구 전농동 212-17,37.5802604451678,127.051911614136
서울 동대문구 전농동 678-3,37.5777320687093,127.047655876816
서울 동대문구 전농동 678-4,37.5777152551102,127.047344999559
서울 동대문구 전농동 643-57,37.5757703631239,127.046907819197
서울 동대문구 전농동 530-66,37.5779341987192,127.049750002436
서울 동대문구 전농동 457-3,37.5774903752269,127.050793246523
서울 동대문구 전농동 209-5,37.58055011801,127.053914184102
서울 동대문구 전농동 204-105,37.5802870079292,127.054740547404
서울 동대문구 전농동 197-16,37.5810865045099,127.054643657101
서울 동대문구 전농동 197-7,37.5808002984992,127.054946402463
서울 동대문구 전농동 45-41,37.5790832853249,127.060805297019
서울 동대문구 전농동 2-28,37.5804127192503,127.066775094795
서울 동대문구 전농동 2-57,37.5797734171592,127.067962664358
서울 동대문구 전농동 8-7,37.5774848985274,127.066688367583
서울 동대문구 전농동 4-112,37.5776980690609,127.066536973517
서울 동대문구 전농동 27-15,37.5764827920437,127.058576097056
서울 동대문구 전농동 24-4,37.5753932642382,127.058667504492
서울 동대문구 전농동 688-6,37.5787795328827,127.059800662877
서울 동대문구 전농동 46-108,37.578637554046,127.059587264638
서울 동대문구 전농동 60-255,37.5795991920914,127.057204849596
서울 동대문구 전농동 153-2,37.5830121771036,127.054882589766
서울 동대문구 전농동 103-62,37.5852535116276,127.054049588793
서울 동대문구 전농동 152-50,37.5848048536458,127.054362424772
서울 동대문구 전농동 152-31,37.5846643939494,127.054741261812
서울 동대문구 전농동 113-52,37.5866362077359,127.054954994297
서울 동대문구 전농동 103-569,37.5864635467441,127.054242372093
서울 동대문구 전농동 103-22,37.586387708192,127.053397015251
서울 동대문구 전농동 103-23,37.5863079669109,127.053205050301
서울 동대문구 전농동 103-148,37.5860401621532,127.052870069195
서울 동대문구 전농동 103-591,37.585551274609,127.052688233518
서울 동대문구 전농동 127-59,37.5816303904093,127.051329178891
서울 동대문구 전농동 103-590,37.5855222541212,127.052505138163
서울 동대문구 용두동 39-127,37.5767861424662,127.044587287999
서울 동대문구 용두동 39-316,37.5760385417662,127.044229682023
서울 동대문구 용두동 39-97,37.5754316240519,127.043767226013
서울 동대문구 용두동 39-459,37.5750955718139,127.043472701329
서울 동대문구 용두동 39-492,37.5746550057421,127.043171892816
서울 동대문구 용두동 39-488,37.5741892281142,127.042823981487
서울 동대문구 용두동 39-1027,37.5731562385329,127.042069590224
서울 동대문구 용두동 27-16,37.5763698511149,127.039084257522
서울 동대문구 용두동 27-26,37.5760915438803,127.03905422605
서울 동대문구 용두동 39-15,37.5765501450279,127.039877694374
서울 동대문구 용두동 39-902,37.575032165519,127.040096498688
서울 동대문구 용두동 39-740,37.5741565992057,127.040301490252
서울 동대문구 용두동 38-7,37.5743572060406,127.03742672131
서울 동대문구 용두동 255-124,37.5743907328756,127.034123842907
서울 동대문구 용두동 237-63,37.5749049561176,127.034035213356
서울 동대문구 용두동 237-26,37.5755072758757,127.034018280525
서울 동대문구 용두동 237-58,37.5759240686335,127.03404360149
서울 동대문구 용두동 237-19,37.5763514220179,127.034002929046
서울 동대문구 용두동 255-115,37.576798031034,127.034051131327
서울 동대문구 용두동 237-22,37.5774290902571,127.034041343305
서울 동대문구 용두동 118-7,37.5756821229778,127.032219435771
서울 동대문구 용두동 118-50,37.5750200000523,127.032153492777
서울 동대문구 용두동 118-105,37.5750700188504,127.031093707383
서울 동대문구 용두동 102-36,37.575112544196,127.033408162616
서울 동대문구 용두동 52-18,37.5774828874649,127.037295494264
서울 동대문구 용두동 40-14,37.5766873878617,127.037616487893
서울 동대문구 용두동 190-5,37.5804632658527,127.030105578476
서울 동대문구 용두동 147-1,37.5788565373396,127.030050930959
서울 동대문구 용두동 150-1,37.5789797370789,127.029559993197
서울 동대문구 용두동 223-49,37.5786266350755,127.02809414407
서울 동대문구 용두동 767-8,37.578657440622,127.026971467186
서울 동대문구 신설동 396-7,37.5784447376299,127.026477576492
서울 동대문구 신설동 69-1,37.5771200304861,127.024701355766
서울 동대문구 신설동 79-7,37.576820963506,127.023957835165
서울 동대문구 용두동 764-12,37.579146916724,127.025916420631
서울 동대문구 용두동 723-14,37.5793057861296,127.025390617763
서울 동대문구 용두동 796-2,37.5796802033749,127.026375898547
서울 동대문구 용두동 733-8,37.5803436756035,127.026862600393
서울 동대문구 용두동 738-5,37.5810516002779,127.02834446151
서울 동대문구 용두동 732-5,37.5805624542181,127.026786374539
서울 동대문구 용두동 729-1,37.5815749128794,127.028279902129
서울 동대문구 용두동 726-10,37.5819106191006,127.02940253999
서울 동대문구 용두동 232-68,37.5780087116647,127.028929836038
서울 동대문구 용두동 220-20,37.5777503370438,127.027675174962
서울 동대문구 용두동 234-63,37.5770289921234,127.029927481186
서울 동대문구 용두동 236-9,37.5767024907207,127.028763937425
서울 동대문구 용두동 236-55,37.5763578153351,127.028578375062
서울 동대문구 용두동 236-29,37.5764303634096,127.029602116546
서울 동대문구 용두동 238-179,37.5749128897309,127.028950939324
서울 동대문구 신설동 93-40,37.5749347359022,127.027647756684
서울 동대문구 신설동 90-6,37.5750014385686,127.0271341796
서울 동대문구 신설동 97-8,37.5746000518528,127.026309807767
서울 동대문구 용두동 252-173,37.5726149374051,127.029174976826
서울 동대문구 용두동 122-50,37.5735405693565,127.031475010739
서울 동대문구 용두동 122-10,37.5735346658588,127.033288823389
서울 동대문구 용두동 129-270,37.5728880602222,127.034411816605
서울 동대문구 용두동 129-303,37.5728573581282,127.033394590025
서울 동대문구 용두동 129-139,37.5725118204834,127.033416056779
서울 동대문구 용두동 129-153,37.5717476485985,127.033549968196
서울 동대문구 용두동 129-358,37.5715005933068,127.03324003543
서울 동대문구 용두동 129-377,37.5708978700791,127.032439240297
서울 동대문구 용두동 129-403,37.5705251065752,127.031182487998
서울 동대문구 용두동 129-86,37.572349500087,127.031301881111
서울 동대문구 제기동 166-1,37.5825974651239,127.03275384436
서울 동대문구 제기동 182-24,37.5826400016111,127.03368029729
서울 동대문구 제기동 241-14,37.582896883436,127.034585339663
서울 동대문구 제기동 250,37.5828782941797,127.034064655896
서울 동대문구 제기동 148-17,37.5825579629392,127.030892016554
서울 동대문구 제기동 148-9,37.5830830770964,127.030487036419
서울 동대문구 제기동 146-39,37.5844744820517,127.031512333483
서울 동대문구 제기동 146-10,37.5853363747434,127.032170383588
서울 동대문구 제기동 135-90,37.5863208156192,127.034660177138
서울 동대문구 제기동 132-20,37.584350651557,127.035143153542
서울 동대문구 제기동 55-25,37.5835515048203,127.03502786375
서울 동대문구 제기동 1193,37.5830085256725,127.035764073326
서울 동대문구 제기동 1158-30,37.5792218711474,127.03282957437
서울 동대문구 제기동 272-9,37.5806502694101,127.032963791116
서울 동대문구 제기동 274-35,37.5808690490165,127.032573193571
서울 동대문구 용두동 138-27,37.5806704246296,127.031070337281
서울 동대문구 용두동 138-137,37.5800344004009,127.03145849841
서울 동대문구 제기동 1158-33,37.5786763237203,127.033136129885
서울 동대문구 제기동 133-20,37.5848536564221,127.035208943145
서울 동대문구 제기동 135-116,37.5863378151866,127.035366112374
서울 동대문구 제기동 670-1,37.5868040018261,127.037935992447
서울 동대문구 제기동 205,37.5845897987687,127.033512821359
서울 동대문구 제기동 1158-40,37.5788194260642,127.033686274472
서울 동대문구 청량리동 520-14,37.5868945557318,127.042673542457
서울 동대문구 제기동 67-262,37.5844841005982,127.03258914726
서울 동대문구 제기동 191-2,37.5838197410094,127.033118709892
서울 동대문구 제기동 135-116,37.5863378151866,127.035366112374
서울 동대문구 제기동 182-31,37.5832610082491,127.033214129424
서울 동대문구 제기동 247-3,37.5829720881684,127.034062660763
서울 동대문구 용두동 138-45,37.5806818730665,127.031725950069
서울 동대문구 제기동 1158-12,37.5794292548648,127.032594981835
서울 동대문구 용두동 104-1,37.5779299973175,127.033253421611
서울 동대문구 제기동 1156-7,37.5805751204696,127.034250971354
서울 동대문구 제기동 273-1,37.5806188103239,127.033653461366
서울 동대문구 회기동 102-209,37.5892568924604,127.049316641633
서울 동대문구 청량리동 199-196,37.5874933101917,127.043537767012
서울 동대문구 용두동 191-5,37.5806160605963,127.030159641858
서울 동대문구 청량리동 56-3,37.5859136735567,127.046873424428
서울 동대문구 청량리동 442-10,37.5861039034647,127.045178191227
서울 동대문구 회기동 102-156,37.5893875720275,127.049875038945
서울 동대문구 청량리동 199-194,37.5879445809428,127.044600736576
서울 동대문구 청량리동 52-25,37.5842490314049,127.047914316135
서울 동대문구 청량리동 54-12,37.5849735888785,127.047296610069
서울 동대문구 청량리동 215-64,37.58464874362,127.044615186701
서울 동대문구 청량리동 367-1,37.585110204488,127.043968872727
서울 동대문구 청량리동 428,37.5858666706591,127.044708527051
서울 동대문구 청량리동 426-1,37.5860696255038,127.04481099904
서울 동대문구 청량리동 18-35,37.5865556070233,127.051884397051
서울 동대문구 청량리동 38-29,37.5859666434238,127.051230258658
서울 동대문구 청량리동 11-18,37.586713536166,127.050040708095
서울 동대문구 청량리동 61-177,37.5872046416133,127.049244863891
서울 동대문구 청량리동 61-186,37.5869493945992,127.049018253684
서울 동대문구 청량리동 56-20,37.5860196025763,127.047394187875
서울 동대문구 청량리동 33-10,37.5851695397434,127.049744514345
서울 동대문구 청량리동 41-6,37.5844887637521,127.04949600224
서울 동대문구 청량리동 50-20,37.5833505680313,127.048777009059
서울 동대문구 청량리동 52-20,37.583883543069,127.04802627932
서울 동대문구 청량리동 55-9,37.5856610820288,127.04720794163
서울 동대문구 청량리동 56-3,37.5859136735567,127.046873424428
서울 동대문구 청량리동 442-16,37.585967923637,127.045230416473
서울 동대문구 청량리동 445,37.5866128818252,127.044685083826
서울 동대문구 청량리동 366,37.5849071213308,127.043967055011
서울 동대문구 청량리동 619,37.5845824412756,127.04337768048
서울 동대문구 청량리동 225-4,37.5833853215255,127.044745762835
서울 동대문구 청량리동 520-56,37.5869087159881,127.041108949996
서울 동대문구 청량리동 520-75,37.586797923722,127.040501346255
서울 동대문구 제기동 122-1,37.5870595725329,127.038341567257
서울 동대문구 청량리동 205-294,37.5899495228534,127.040712974201
서울 동대문구 제기동 135-58,37.5867238703546,127.036028975718
서울 동대문구 제기동 122-278,37.5876139781208,127.037422149028
서울 동대문구 제기동 136-27,37.5888245672763,127.037087499236
서울 동대문구 제기동 1211-20,37.5900643406877,127.037631937685
서울 동대문구 제기동 122-478,37.5902214677005,127.037932292115
서울 동대문구 제기동 1145-1,37.5911265894661,127.038257940459
서울 동대문구 청량리동 205-15,37.5896855764125,127.042378938856
서울 동대문구 회기동 102-191,37.5890977366499,127.048763662462
서울 동대문구 회기동 102-142,37.5893408233255,127.050057639107
서울 동대문구 청량리동 199-195,37.587905211119,127.044352189751
서울 동대문구 회기동 103-152,37.5905009525413,127.049388568682
서울 동대문구 회기동 102-100,37.5904200672775,127.049974121568
서울 동대문구 회기동 101,37.5903796220956,127.051213468743
서울 동대문구 회기동 60-133,37.5910892065216,127.049826354453
서울 동대문구 회기동 60-132,37.591069521742,127.049928472324
서울 동대문구 회기동 105-19,37.5911969056769,127.050601581441
서울 동대문구 회기동 60-105,37.5917192369862,127.049905128433
서울 동대문구 회기동 54-107,37.5915037823829,127.054451085696
서울 동대문구 회기동 60-58,37.591597702572,127.050937687247
서울 동대문구 회기동 346-12,37.5911510813608,127.055912933992
서울 동대문구 이문동 346-206,37.5928365387589,127.056162168526
서울 동대문구 회기동 16-49,37.5924054048461,127.052664418273
서울 동대문구 회기동 103-10,37.5906739988938,127.053199326504
서울 동대문구 회기동 62-4,37.5902248503384,127.054394107082
서울 동대문구 회기동 65-75,37.5898905217221,127.0533421123
서울 동대문구 휘경동 183-352,37.592083723881,127.057546617482
서울 동대문구 회기동 36-26,37.5927582829809,127.05235011449
서울 동대문구 회기동 65-69,37.5896514558379,127.053214789877
서울 동대문구 이문동 341-47,37.5921046476997,127.056759353528
서울 동대문구 청량리동 206-42,37.5904292100474,127.046792581953
서울 동대문구 회기동 102-288,37.5897496991688,127.047649724725
서울 동대문구 제기동 1212-1,37.5905325185543,127.039762529212
서울 동대문구 회기동 36-26,37.5927582829809,127.05235011449
서울 동대문구 제기동 859-3,37.5863760049609,127.03716576492
서울 동대문구 휘경동 372,37.593701245652,127.064897703345
서울 동대문구 휘경동 118-22,37.5941408120003,127.067673965382
서울 동대문구 휘경동 150-26,37.5947298873537,127.064770756811
서울 동대문구 이문동 305-62,37.5956572377672,127.061649013999
서울 동대문구 휘경동 163-4,37.5947199712807,127.063285473706
서울 동대문구 휘경동 183-32,37.5928644253616,127.059916555999
서울 동대문구 휘경동 71-2,37.5915368242157,127.066300643227
서울 동대문구 휘경동 106,37.5918543994394,127.065375282395
서울 동대문구 휘경동 79-5,37.5908869449965,127.062490658116
서울 동대문구 휘경동 192-7,37.5907945135845,127.060919671596
서울 동대문구 휘경동 192-1,37.5905010769991,127.060712681014
서울 동대문구 휘경동 258,37.5905213231469,127.061632435756
서울 동대문구 휘경동 267-72,37.5890919264153,127.058023026181
서울 동대문구 휘경동 317-11,37.5887359922963,127.056813067566
서울 동대문구 휘경동 343-9,37.5882009629352,127.054563827295
서울 동대문구 휘경동 343-18,37.5883091762182,127.054749592145
서울 동대문구 휘경동 336-7,37.5885264903456,127.054371132232
서울 동대문구 휘경동 336,37.589162792248,127.055102911338
서울 동대문구 휘경동 183-234,37.59115423515,127.057966768009
서울 동대문구 휘경동 183-241,37.5914185555348,127.05729145601
서울 동대문구 휘경동 183-385,37.5917533331879,127.057355233716
서울 동대문구 휘경동 187-20,37.5923757925664,127.057798324522
서울 동대문구 휘경동 183-295,37.5927231454298,127.058850837391
서울 동대문구 휘경동 183-311,37.5918275564856,127.059396459242
서울 동대문구 휘경동 183-144,37.5903693247252,127.058446125121
서울 동대문구 휘경동 148-42,37.5945856398146,127.067344408458
서울 동대문구 이문동 74-1,37.5951591113388,127.067361117648
서울 동대문구 이문동 89-41,37.5953815776128,127.06718286173
서울 동대문구 휘경동 187-24,37.5921170821367,127.060564871375
서울 동대문구 휘경동 368,37.5899979987381,127.06553172159
서울 동대문구 휘경동 43-180,37.5857469000514,127.06591950671
서울 동대문구 휘경동 43-175,37.5867897118318,127.067034518739
서울 동대문구 휘경동 43-230,37.5860279291438,127.06718124755
서울 동대문구 휘경동 43-213,37.5860737312366,127.06664859007
서울 동대문구 휘경동 43-193,37.5853589855366,127.065662724492
서울 동대문구 휘경동 43-182,37.5850421826525,127.065687467428
서울 동대문구 휘경동 43-103,37.5842520218398,127.065831124716
서울 동대문구 휘경동 43-188,37.5852760004681,127.066952323334
서울 동대문구 휘경동 43-190,37.5849310843108,127.067297442415
서울 동대문구 휘경동 43-8,37.5848198901359,127.067475660335
서울 동대문구 장안동 97-7,37.5796821614632,127.068714975139
서울 동대문구 장안동 92-15,37.580976491298,127.073561750152
서울 동대문구 휘경동 49-284,37.5879169422312,127.06906866574
서울 동대문구 휘경동 28-16,37.5897997290355,127.063314822132
서울 동대문구 휘경동 255-5,37.589946609478,127.062773728384
서울 동대문구 휘경동 285-5,37.5890729613449,127.062350555024
서울 동대문구 휘경동 285-6,37.5889748284832,127.062378552737
서울 동대문구 휘경동 286-236,37.5884790475368,127.062652365905
서울 동대문구 휘경동 287-6,37.5882556845109,127.062665538996
서울 동대문구 휘경동 286-215,37.5877894298816,127.062818111421
서울 동대문구 휘경동 286-343,37.5868169304729,127.062927118346
서울 동대문구 휘경동 286-265,37.5875628563412,127.06259940265
서울 동대문구 휘경동 286-35,37.5875559354609,127.061366409947
서울 동대문구 휘경동 286-61,37.5872662921638,127.061143012584
서울 동대문구 휘경동 294-168,37.5864033508189,127.061259942515
서울 동대문구 휘경동 286-265,37.5875628563412,127.06259940265
서울 동대문구 휘경동 294-194,37.5855617137204,127.060775128702
서울 동대문구 휘경동 294-172,37.586156467766,127.060933101015
서울 동대문구 휘경동 294-217,37.5866953273649,127.060630108961
서울 동대문구 휘경동 294-215,37.5863997483629,127.060206312497
서울 동대문구 휘경동 294-356,37.585317208365,127.060200572225
서울 동대문구 휘경동 293-108,37.5876165800658,127.059948580244
서울 동대문구 휘경동 293-37,37.5881744277388,127.060394106773
서울 동대문구 휘경동 282-7,37.588696243712,127.060117243637
서울 동대문구 휘경동 281-22,37.588420592199,127.05894187783
서울 동대문구 휘경동 308-15,37.5879167270923,127.057542050572
서울 동대문구 휘경동 308-32,37.5880466333225,127.058128191187
서울 동대문구 휘경동 308-32,37.5880466333225,127.058128191187
서울 동대문구 휘경동 308-18,37.5878122376735,127.057303976799
서울 동대문구 휘경동 308-196,37.5871155708897,127.057713416954
서울 동대문구 휘경동 281-35,37.5874190592884,127.058377017409
서울 동대문구 휘경동 295-103,37.5879602357857,127.058477528796
서울 동대문구 휘경동 312-23,37.5863720905818,127.056180181792
서울 동대문구 휘경동 312-79,37.586670311626,127.055816288475
서울 동대문구 휘경동 312-92,37.5868687293604,127.056155872893
서울 동대문구 휘경동 312-99,37.5874210896181,127.055856929584
서울 동대문구 휘경동 312-124,37.5877533459213,127.05648748608
서울 동대문구 휘경동 286-35,37.5875559354609,127.061366409947
서울 동대문구 휘경동 293-164,37.5890453957672,127.060259620825
서울 동대문구 이문동 78-24,37.5949331260551,127.063990643585
서울 동대문구 이문동 83-1,37.5964927152165,127.065517600696
서울 동대문구 이문동 83-95,37.5959479224003,127.064962386481
서울 동대문구 이문동 83-157,37.5958538683206,127.064452183257
서울 동대문구 이문동 126-38,37.5960193816572,127.06378650563
서울 동대문구 이문동 120-20,37.597246673283,127.065013113218
서울 동대문구 이문동 84,37.5967735276868,127.064913280434
서울 동대문구 이문동 119-3,37.5978822914629,127.065069379145
서울 동대문구 이문동 120-1,37.5978134973025,127.065482975741
서울 동대문구 이문동 120-1,37.5978134973025,127.065482975741
서울 동대문구 이문동 116-16,37.5987152932072,127.065817594178
서울 동대문구 이문동 115-65,37.5987233261869,127.066275312709
서울 동대문구 이문동 115-1,37.5989061828715,127.06667418989
서울 동대문구 이문동 103-12,37.5981917361771,127.067556129725
서울 동대문구 이문동 103-9,37.5980010037498,127.067385647688
서울 동대문구 이문동 73,37.5961354570296,127.067621192527
서울 동대문구 이문동 89-42,37.5956221177462,127.067225993731
서울 동대문구 이문동 74-1,37.5951591113388,127.067361117648
서울 동대문구 이문동 72-22,37.5949386574754,127.067643435561
서울 동대문구 이문동 255-256,37.6024580369762,127.062277810156
서울 동대문구 이문동 257-17,37.5997667985226,127.061724765352
서울 동대문구 이문동 334-86,37.5946351180838,127.058167738383
서울 동대문구 이문동 345-7,37.5929699937371,127.057435202081
서울 동대문구 이문동 338-3,37.5930337116446,127.058135013925
서울 동대문구 이문동 324-3,37.5940515390791,127.058908046452
서울 동대문구 이문동 327-8,37.5948683953747,127.05941269053
서울 동대문구 이문동 326-6,37.5949663502878,127.060267452346
서울 동대문구 이문동 312-1,37.594253362802,127.060683344951
서울 동대문구 이문동 312-9,37.594098198259,127.061233412512
서울 동대문구 이문동 308,37.5937576088712,127.061780040781
서울 동대문구 이문동 307-8,37.5941071636838,127.062008944889
서울 동대문구 이문동 307-5,37.5943390765165,127.062184760487
서울 동대문구 이문동 306-11,37.5949003877732,127.062367759275
서울 동대문구 이문동 305-151,37.5959001609367,127.061962760963
서울 동대문구 이문동 288-4,37.5971294761998,127.060918834447
서울 동대문구 이문동 292-10,37.5984809170412,127.061872724933
서울 동대문구 이문동 329-20,37.5955041709741,127.058981548072
서울 동대문구 이문동 284-7,37.5958826165011,127.058196791609
서울 동대문구 이문동 330-6,37.5952169059153,127.058314602217
서울 동대문구 이문동 346-140,37.594499326412,127.056523950302
서울 동대문구 이문동 347-6,37.5952657236917,127.056870119012
서울 동대문구 이문동 280,37.5956476722938,127.057943869902
서울 동대문구 이문동 348-13,37.5960964939579,127.056940390719
서울 동대문구 이문동 349-5,37.5966557742921,127.05668037472
서울 동대문구 이문동 349-12,37.5967049869449,127.056453713973
서울 동대문구 이문동 348-1,37.595983394841,127.0560508459
서울 동대문구 이문동 349-26,37.5967284727218,127.055949266058
서울 동대문구 이문동 349-43,37.597296024987,127.056101314957
서울 동대문구 이문동 349-38,37.5972679637843,127.056751159055
서울 동대문구 이문동 349-37,37.5975740206586,127.056771547713
서울 동대문구 이문동 264-223,37.5985014902704,127.056980384807
서울 동대문구 이문동 264-330,37.597672349035,127.055763131308
서울 동대문구 이문동 264-292,37.5983150159971,127.055209309729
서울 동대문구 이문동 264-407,37.5982821850656,127.054703676938
서울 동대문구 이문동 264-255,37.5991839041859,127.056032297436
서울 동대문구 이문동 264-210,37.5987254065649,127.057681051177
서울 동대문구 이문동 264-205,37.5993842417809,127.057433338016
서울 동대문구 이문동 264-460,37.5999553423549,127.055439041588
서울 동대문구 이문동 264-41,37.5991173940694,127.058481730272
서울 동대문구 이문동 264-41,37.5991173940694,127.058481730272
서울 동대문구 이문동 264-53,37.5987905075267,127.058495969005
서울 동대문구 이문동 363-1,37.5976146872353,127.060515426249
서울 동대문구 이문동 255-182,37.6004462348816,127.062240801834
서울 동대문구 이문동 255-182,37.6004462348816,127.062240801834
서울 동대문구 이문동 173-14,37.5991788048376,127.066865015321
서울 동대문구 이문동 175-16,37.6002914992429,127.067391450426
서울 동대문구 이문동 180-7,37.6008436847786,127.067761344128
서울 동대문구 이문동 175-4,37.6006805116043,127.067295545767
서울 동대문구 이문동 170-118,37.6009148064286,127.066274312367
서울 동대문구 이문동 169-24,37.6011583835918,127.066843458988
서울 동대문구 이문동 256-80,37.6016210588231,127.064382530945
서울 동대문구 이문동 256-239,37.6018053126302,127.063548990874
서울 동대문구 이문동 255-205,37.6028613419194,127.063253526662
서울 동대문구 이문동 237-133,37.6028722131146,127.065295345837
서울 동대문구 이문동 237-116,37.6028688879838,127.065766782447
서울 동대문구 이문동 217-8,37.6033040638324,127.067052052382
서울 동대문구 이문동 220-105,37.6031835189738,127.066401121633
서울 동대문구 이문동 237-158,37.6033357191892,127.065554177979
서울 동대문구 이문동 220-337,37.6039449644645,127.066527842097
서울 동대문구 이문동 219-9,37.6042278505578,127.06689048506
서울 동대문구 이문동 430,37.6034740202694,127.06424506167
서울 동대문구 이문동 428,37.6031629394921,127.063354117613
서울 동대문구 이문동 255-213,37.6031501134262,127.063077447815
서울 동대문구 이문동 256-13,37.6031297593461,127.062554009759
서울 동대문구 이문동 255-64,37.6033164534164,127.061335414569
