서울 은평구 녹번동 176-6,37.60220564,126.9221947
서울 은평구 녹번동 160-12,37.60240756,126.923167
서울 은평구 녹번동 157-36,37.60288289,126.9235302
서울 은평구 녹번동 159-7,37.60395002,126.9233917
서울 은평구 녹번동 154-15,37.60400358,126.9240112
서울 은평구 녹번동 82-38,37.60357254,126.9256954
서울 은평구 녹번동 82-15,37.60348783,126.9263888
서울 은평구 녹번동 172-8,37.60501672,126.9268185
서울 은평구 녹번동 103-12,37.60581236,126.9276552
서울 은평구 녹번동 105-1,37.60638749,126.9285882
서울 은평구 녹번동 98-18,37.60586246,126.9282646
서울 은평구 녹번동 168-2,37.6055482,126.9260834
서울 은평구 녹번동 165-8,37.6049417,126.9258621
서울 은평구 녹번동 80-23,37.60547084,126.9244199
서울 은평구 녹번동 148-2,37.60641256,126.924439
서울 은평구 녹번동 150-8,37.60651913,126.9248361
서울 은평구 녹번동 146-6,37.60616298,126.9237243
서울 은평구 녹번동 144-48,37.60634118,126.9234219
서울 은평구 녹번동 144-18,37.60710981,126.9241169
서울 은평구 녹번동 141-29,37.60686255,126.9247761
서울 은평구 녹번동 141-54,37.60769831,126.9256248
서울 은평구 녹번동 169-10,37.6060236,126.9270048
서울 은평구 녹번동 131-19,37.60750997,126.9281996
서울 은평구 녹번동 131-64,37.60740187,126.9283639
서울 은평구 녹번동 131-184,37.60818843,126.9279241
서울 은평구 녹번동 131-33,37.60795282,126.9282152
서울 은평구 녹번동 120-1,37.60695387,126.9310541
서울 은평구 녹번동 120-90,37.60687986,126.9300606
서울 은평구 녹번동 28-27,37.60595475,126.9333842
서울 은평구 녹번동 29-65,37.60514435,126.9323463
서울 은평구 녹번동 29-56,37.60557754,126.9324883
서울 은평구 녹번동 29-7,37.60578025,126.9327798
서울 은평구 녹번동 29-19,37.60511373,126.9333203
서울 은평구 녹번동 29-108,37.60456034,126.932832
서울 은평구 녹번동 35-24,37.60391426,126.9335135
서울 은평구 녹번동 35-20,37.6036652,126.9339416
서울 은평구 녹번동 35-54,37.60353372,126.9343859
서울 은평구 녹번동 44-1,37.60138808,126.9335406
서울 은평구 녹번동 44-23,37.60171818,126.932853
서울 은평구 녹번동 75-26,37.6019315,126.9312281
서울 은평구 녹번동 76-33,37.60262597,126.9315126
서울 은평구 녹번동 86-120,37.6029747,126.9299094
서울 은평구 녹번동 86-125,37.60331062,126.9295105
서울 은평구 녹번동 86-24,37.60415982,126.9298335
서울 은평구 녹번동 86-95,37.60476476,126.9310867
서울 은평구 녹번동 94-8,37.6053317,126.9302355
서울 은평구 녹번동 109-20,37.60630591,126.9306436
서울 은평구 녹번동 95-29,37.60610234,126.9302792
서울 은평구 녹번동 96-6,37.60565017,126.9294271
서울 은평구 녹번동 83-10,37.602773,126.9284674
서울 은평구 불광동 630-26,37.61178053,126.9405976
서울 은평구 불광동 630-13,37.61193194,126.9396304
서울 은평구 불광동 285-15,37.60968408,126.9320338
서울 은평구 불광동 281-138,37.61035195,126.9312021
서울 은평구 불광동 600-11,37.61152562,126.9326863
서울 은평구 불광동 243-12,37.61438353,126.9319979
서울 은평구 불광동 8-291,37.61420741,126.9331551
서울 은평구 불광동 8-53,37.61402844,126.9333999
서울 은평구 불광동 8-84,37.61423265,126.9330097
서울 은평구 불광동 8-248,37.6164387,126.9339279
서울 은평구 불광동 8-97,37.61613699,126.9336757
서울 은평구 불광동 12-15,37.61675202,126.9333733
서울 은평구 불광동 12-3,37.61764334,126.9338081
서울 은평구 불광동 13-3,37.61936931,126.9329101
서울 은평구 불광동 13-97,37.61949874,126.9330103
서울 은평구 불광동 16-45,37.62061773,126.9327812
서울 은평구 불광1동 222-11,37.61714894,126.9327973
서울 은평구 불광동 219-12,37.61956691,126.9319943
서울 은평구 불광동 221-32,37.61814639,126.9321054
서울 은평구 불광동 238-23,37.61662948,126.9319426
서울 은평구 불광동 238-51,37.61628462,126.9323275
서울 은평구 불광동 238-103,37.61599786,126.9322135
서울 은평구 불광동 13-68,37.61812945,126.9329058
서울 은평구 불광동 221-9,37.61847721,126.9323951
서울 은평구 불광동 221-60,37.61731812,126.931653
서울 은평구 불광동 230-20,37.61693945,126.9313752
서울 은평구 불광동 246-1,37.61644984,126.9310438
서울 은평구 불광동 244-120,37.6138436,126.9294583
서울 은평구 불광동 244-84,37.61392161,126.9300363
서울 은평구 불광동 264-43,37.61281291,126.9292108
서울 은평구 불광동 264-4,37.61246095,126.9288642
서울 은평구 불광동 259-5,37.61339055,126.9293873
서울 은평구 불광동 244-20,37.6134249,126.9303436
서울 은평구 불광동 245-73,37.61523807,126.9302292
서울 은평구 불광동 242-30,37.61324615,126.9314345
서울 은평구 불광동 290-2,37.61683571,126.9243862
서울 은평구 불광동 297-23,37.61809541,126.9240159
서울 은평구 불광동 298-49,37.61822149,126.9244801
서울 은평구 불광동 329-16,37.61861518,126.9248337
서울 은평구 불광동 330-25,37.61780609,126.9255421
서울 은평구 불광동 330-16,37.61734437,126.9260325
서울 은평구 불광동 330-63,37.61740014,126.9267589
서울 은평구 불광동 330-1,37.61830782,126.9262086
서울 은평구 불광동 331-179,37.61801373,126.927812
서울 은평구 불광동 331-136,37.61797934,126.9281464
서울 은평구 불광동 331-171,37.61843766,126.9281201
서울 은평구 불광동 331-22,37.61882672,126.9268336
서울 은평구 불광동 331-4,37.6193622,126.9278847
서울 은평구 불광동 346-40,37.62011543,126.928481
서울 은평구 불광동 346-61,37.62051246,126.9279858
서울 은평구 불광동 346-2,37.62112049,126.9282092
서울 은평구 불광동 346-129,37.62040391,126.9277287
서울 은평구 불광동 346-78,37.62031832,126.9274294
서울 은평구 불광동 344-30,37.61985729,126.9265645
서울 은평구 불광동 339-1,37.61930035,126.9252234
서울 은평구 불광동 327-7,37.6191921,126.9241621
서울 은평구 불광동 339-71,37.61924422,126.9245188
서울 은평구 불광동 109-1,37.62286643,126.9279229
서울 은평구 불광동 163-22,37.62240492,126.9287649
서울 은평구 불광동 143-19,37.62209961,126.928536
서울 은평구 불광동 163-20,37.6228843,126.9296061
서울 은평구 불광동 156-5,37.62243433,126.9304917
서울 은평구 불광동 425-1,37.6216555,126.9270327
서울 은평구 불광동 105-122,37.62407665,126.9285314
서울 은평구 불광동 170-133,37.62473563,126.9301955
서울 은평구 불광동 170-68,37.62592134,126.9311309
서울 은평구 불광동 171-1,37.62417868,126.9310282
서울 은평구 불광동 189-18,37.62209421,126.9317334
서울 은평구 불광동 184-3,37.62251147,126.9320702
서울 은평구 불광동 181-1,37.62298932,126.9329499
서울 은평구 불광동 28-5,37.62270641,126.9331248
서울 은평구 불광동 181-3,37.62287267,126.9326865
서울 은평구 불광동 23-41,37.62172796,126.9339617
서울 은평구 불광동 82-16,37.62684978,126.9276192
서울 은평구 불광2동 81-7,37.62632006,126.927425
서울 은평구 불광동 451-14,37.62624044,126.9267354
서울 은평구 불광2동 76-25,37.6268394,126.9270117
서울 은평구 불광동 76-25,37.62684373,126.9270162
서울 은평구 불광2동 90-28,37.62517945,126.9280836
서울 은평구 불광동 102-6,37.62461398,126.9276133
서울 은평구 불광동 100-7,37.62510541,126.9278206
서울 은평구 불광동 447-5,37.62587576,126.9266551
서울 은평구 불광동 441-24,37.62618301,126.9259535
서울 은평구 불광동 446-14,37.6255326,126.9248435
서울 은평구 불광동 447-110,37.62557879,126.9255021
서울 은평구 불광동 442-13,37.62449665,126.9254117
서울 은평구 불광동 443-56,37.62456128,126.9260397
서울 은평구 불광동 444-50,37.62393674,126.9266524
서울 은평구 불광동 444-40,37.62452093,126.9269217
서울 은평구 불광동 104-18,37.62343192,126.926655
서울 은평구 불광동 436-17,37.62367814,126.925611
서울 은평구 불광동 421-13,37.6223981,126.9257394
서울 은평구 불광동 421-22,37.62223166,126.9257026
서울 은평구 불광동 400-51,37.62253976,126.9252161
서울 은평구 불광동 410,37.62184654,126.924227
서울 은평구 불광동 312,37.62101136,126.9233118
서울 은평구 불광동 310-12,37.62070006,126.9234281
서울 은평구 불광동 310-177,37.61992152,126.9223267
서울 은평구 불광동 376-19,37.62156853,126.9226137
서울 은평구 불광동 312-38,37.62061039,126.9217479
서울 은평구 불광동 484-223,37.62096363,126.9208834
서울 은평구 불광동 484-48,37.62173347,126.9207986
서울 은평구 불광동 484-13,37.62229613,126.9202523
서울 은평구 불광동 484-93,37.62318069,126.9206202
서울 은평구 불광동 484-90,37.62351343,126.9208916
서울 은평구 불광동 483-1,37.62410015,126.920215
서울 은평구 불광동 484-108,37.6235156,126.9203625
서울 은평구 불광동 391-65,37.62429121,126.9212299
서울 은평구 불광동 391-237,37.62467251,126.9217724
서울 은평구 불광동 481-45,37.62474579,126.9203485
서울 은평구 불광동 518,37.62709161,126.9203648
서울 은평구 불광동 479-1,37.62669296,126.9218898
서울 은평구 불광동 445-76,37.627214,126.9224384
서울 은평구 불광동 445-54,37.62739294,126.922725
서울 은평구 불광동 445-197,37.62625648,126.9222459
서울 은평구 불광동 479-18,37.62646241,126.9212389
서울 은평구 불광동 481-38,37.62608174,126.9208227
서울 은평구 불광동 480-217,37.62423801,126.9230758
서울 은평구 불광동 391-5,37.62371579,126.9223866
서울 은평구 불광동 391-13,37.62372929,126.9218099
서울 은평구 불광동 382-11,37.62298898,126.9221399
서울 은평구 불광동 379-60,37.622632,126.9218414
서울 은평구 갈현동 402-20,37.62006746,126.9182993
서울 은평구 갈현동 403-24,37.62077106,126.9182015
서울 은평구 갈현동 403-4,37.62074116,126.9187374
서울 은평구 갈현동 406-30,37.62201991,126.9178028
서울 은평구 갈현동 410-21,37.62289247,126.9179842
서울 은평구 갈현동 411-4,37.62384181,126.9181999
서울 은평구 갈현동 415-45,37.62493831,126.9183373
서울 은평구 갈현동 417-2,37.62562522,126.9191208
서울 은평구 갈현동 6-18,37.62743168,126.9181729
서울 은평구 갈현동 6-51,37.62739271,126.9178453
서울 은평구 갈현동 6-18,37.62743168,126.9181729
서울 은평구 갈현동 12-233,37.62852192,126.9164345
서울 은평구 갈현동 12-227,37.62892665,126.9158205
서울 은평구 갈현동 12-509,37.62934004,126.9155925
서울 은평구 갈현동 12-381,37.62874211,126.9166844
서울 은평구 갈현동 12-343,37.62894089,126.9144434
서울 은평구 갈현동 12-445,37.62901254,126.9139734
서울 은평구 갈현동 12-379,37.6283953,126.9148885
서울 은평구 갈현동 12-60,37.6276309,126.915502
서울 은평구 갈현동 12-179,37.62719877,126.9149757
서울 은평구 갈현동 12-12,37.62766702,126.9167565
서울 은평구 갈현동 16-4,37.62606788,126.9175627
서울 은평구 갈현동 8-24,37.62659058,126.9165828
서울 은평구 갈현동 9-28,37.62528815,126.91664
서울 은평구 갈현동 422-20,37.62480124,126.916487
서울 은평구 갈현동 281-9,37.62424903,126.9154804
서울 은평구 갈현동 281-186,37.62398794,126.9155117
서울 은평구 갈현동 281-234,37.62339298,126.9157058
서울 은평구 갈현동 281-35,37.62366582,126.9154866
서울 은평구 갈현동 281-48,37.62362568,126.9149179
서울 은평구 갈현동 436-11,37.62422238,126.9161404
서울 은평구 갈현동 298-12,37.62561457,126.9152367
서울 은평구 갈현동 300-8,37.626744,126.9149248
서울 은평구 갈현동 300-30,37.62678292,126.9140429
서울 은평구 갈현동 300-38,37.62603874,126.9149654
서울 은평구 갈현동 288-33,37.6255218,126.9140418
서울 은평구 갈현동 285-216,37.62655205,126.9120404
서울 은평구 갈현동 285-220,37.62648787,126.9124815
서울 은평구 갈현동 285-250,37.62595331,126.9125998
서울 은평구 갈현동 288-73,37.62531151,126.9137881
서울 은평구 갈현동 285-92,37.62481015,126.9128576
서울 은평구 갈현동 281-105,37.62466081,126.912554
서울 은평구 갈현동 281-119,37.6242293,126.9133728
서울 은평구 갈현동 275-82,37.62405181,126.912522
서울 은평구 갈현동 275-15,37.62284885,126.913307
서울 은평구 갈현동 275-156,37.62303991,126.9133802
서울 은평구 갈현동 275-108,37.62242894,126.9131153
서울 은평구 갈현동 275-33,37.62199677,126.9135366
서울 은평구 갈현동 275-143,37.62330806,126.9135197
서울 은평구 갈현동 276-51,37.62293524,126.9142771
서울 은평구 갈현동 276-65,37.62251369,126.9148061
서울 은평구 갈현동 276-21,37.62223968,126.9161576
서울 은평구 갈현동 434-35,37.62166272,126.9160801
서울 은평구 갈현동 444-7,37.62189205,126.91574
서울 은평구 갈현동 444-16,37.62146364,126.915376
서울 은평구 갈현동 444-18,37.62142563,126.9151412
서울 은평구 갈현동 278-7,37.62163095,126.9146159
서울 은평구 갈현동 433-25,37.62097829,126.9158947
서울 은평구 갈현동 434-30,37.62109033,126.9160832
서울 은평구 갈현동 435-33,37.62262305,126.9164165
서울 은평구 갈현동 436-18,37.62330233,126.9167082
서울 은평구 갈현동 451-15,37.61977964,126.9166834
서울 은평구 갈현동 452-20,37.6189661,126.9172794
서울 은평구 갈현동 460-1,37.61762705,126.9187014
서울 은평구 갈현동 461-16,37.61655795,126.9180587
서울 은평구 갈현동 462-35,37.61459932,126.917069
서울 은평구 갈현동 464-24,37.61321004,126.9167491
서울 은평구 갈현동 464-1,37.61350842,126.9167103
서울 은평구 갈현동 471-3,37.61386569,126.9153536
서울 은평구 갈현동 475-7,37.61437778,126.9160677
서울 은평구 갈현동 474-1,37.61480142,126.9156911
서울 은평구 갈현동 474-1,37.61480142,126.9156911
서울 은평구 갈현동 473-18,37.61472707,126.9154082
서울 은평구 갈현동 471-3,37.61386569,126.9153536
서울 은평구 갈현동 469-1,37.61306992,126.9144643
서울 은평구 갈현동 473-5,37.61491285,126.915274
서울 은평구 갈현동 492-3,37.61521209,126.914558
서울 은평구 갈현동 490-19,37.61434859,126.9132069
서울 은평구 갈현동 530-17,37.61440784,126.9145227
서울 은평구 갈현동 491-5,37.61457738,126.9138621
서울 은평구 갈현동 487-14,37.61458616,126.9144104
서울 은평구 갈현동 493-24,37.61624678,126.9149245
서울 은평구 갈현동 197-7,37.61669303,126.9156601
서울 은평구 갈현동 499-7,37.6173025,126.9159715
서울 은평구 갈현동 501-5,37.61832269,126.9161132
서울 은평구 갈현동 543,37.62248474,126.9114629
서울 은평구 갈현동 241-45,37.6216979,126.9116854
서울 은평구 갈현동 241-1,37.62080283,126.9124936
서울 은평구 갈현동 543,37.62248474,126.9114629
서울 은평구 갈현동 503-11,37.61830122,126.9144425
서울 은평구 갈현동 503-11,37.61830122,126.9144425
서울 은평구 갈현동 515-2,37.61824548,126.9137368
서울 은평구 갈현동 515-27,37.61783631,126.9139372
서울 은평구 갈현동 512-1,37.61725339,126.913724
서울 은평구 갈현동 512-1,37.61725339,126.913724
서울 은평구 갈현동 513-1,37.61731896,126.913318
서울 은평구 갈현동 515-30,37.61799154,126.9135569
서울 은평구 갈현동 534-2,37.61800425,126.9141812
서울 은평구 갈현동 240-1,37.62030421,126.9119931
서울 은평구 갈현동 523-46,37.61915201,126.9113675
서울 은평구 갈현동 228-61,37.6195318,126.9103257
서울 은평구 갈현동 510-17,37.61604093,126.9120179
서울 은평구 갈현동 529-35,37.61473092,126.9109609
서울 은평구 갈현동 526-2,37.61510735,126.9104934
서울 은평구 갈현동 521-35,37.61576129,126.9108534
서울 은평구 갈현동 522-90,37.61668961,126.9108877
서울 은평구 갈현동 327-8,37.6154992,126.9096717
서울 은평구 갈현동 327-65,37.61564602,126.9093833
서울 은평구 갈현동 327-60,37.61579099,126.909861
서울 은평구 갈현동 327-54,37.61615451,126.9102862
서울 은평구 갈현동 327-23,37.61671501,126.9101638
서울 은평구 갈현동 326-25,37.61672537,126.9079406
서울 은평구 갈현동 227-8,37.61720589,126.9080912
서울 은평구 구산동 380-8,37.6132515,126.906772
서울 은평구 구산동 368-22,37.61273728,126.9078825
서울 은평구 구산동 368-21,37.61286616,126.9079374
서울 은평구 구산동 100-1,37.61236463,126.9102233
서울 은평구 구산동 210-4,37.61266195,126.9103367
서울 은평구 구산동 211-5,37.61248849,126.9109038
서울 은평구 구산동 210-4,37.61266195,126.9103367
서울 은평구 구산동 27-61,37.61189503,126.9103313
서울 은평구 구산동 209-21,37.61351984,126.9100556
서울 은평구 구산동 27-67,37.61120877,126.9101239
서울 은평구 구산동 159-9,37.61112704,126.909878
서울 은평구 구산동 188-28,37.60831044,126.9092622
서울 은평구 구산동 178-24,37.60847426,126.9088305
서울 은평구 구산동 183-2,37.60890965,126.9085194
서울 은평구 구산동 182-7,37.60918366,126.9080756
서울 은평구 구산동 162-1,37.61099394,126.905584
서울 은평구 구산동 167-9,37.60939968,126.9069945
서울 은평구 구산동 172-3,37.60871224,126.9072489
서울 은평구 구산동 173-27,37.60839662,126.9073524
서울 은평구 구산동 173-1,37.60840695,126.9072008
서울 은평구 구산동 182-7,37.60918366,126.9080756
서울 은평구 구산동 188-28,37.60831044,126.9092622
서울 은평구 구산동 177-109,37.6075074,126.9095103
서울 은평구 구산동 27-38,37.6080296,126.9098517
서울 은평구 구산동 27-23,37.60929083,126.9100025
서울 은평구 구산동 27-47,37.60944635,126.9100213
서울 은평구 구산동 14-19,37.61117439,126.910537
서울 은평구 구산동 177-13,37.60656734,126.9090844
서울 은평구 구산동 177-85,37.60596349,126.908263
서울 은평구 역촌동 234,37.60495,126.9064764
서울 은평구 구산동 224,37.60479886,126.9054022
서울 은평구 구산동 199-15,37.61280835,126.9128476
서울 은평구 구산동 5-6,37.61196235,126.9144888
서울 은평구 구산동 1-17,37.61058471,126.9164574
서울 은평구 구산동 1-31,37.61069076,126.9160843
서울 은평구 구산동 2-27,37.61081862,126.9157118
서울 은평구 구산동 3-31,37.61101522,126.9152176
서울 은평구 구산동 3-35,37.61115162,126.9149488
서울 은평구 구산동 3-38,37.61117385,126.9147936
서울 은평구 구산동 220-4,37.61183938,126.9142525
서울 은평구 구산동 10-38,37.61135304,126.9120751
서울 은평구 구산동 213-14,37.61240601,126.911805
서울 은평구 구산동 215-15,37.61231567,126.9129372
서울 은평구 구산동 217-17,37.6116251,126.912991
서울 은평구 구산동 9-10,37.61018759,126.9139952
서울 은평구 구산동 7-4,37.61084287,126.9143547
서울 은평구 구산동 16-2,37.61011392,126.9124425
서울 은평구 구산동 17-49,37.60927413,126.9132138
서울 은평구 구산동 16-19,37.6093264,126.9122495
서울 은평구 구산동 24-59,37.60847445,126.9120462
서울 은평구 구산동 24-55,37.60843614,126.9122645
서울 은평구 구산동 17-51,37.60910574,126.9133359
서울 은평구 구산동 19-15,37.60931731,126.9137312
서울 은평구 구산동 20-11,37.60874924,126.9147312
서울 은평구 구산동 21-19,37.60859322,126.9148991
서울 은평구 구산동 16-10,37.6099392,126.9122969
서울 은평구 구산동 23-30,37.60759986,126.9133794
서울 은평구 구산동 23-7,37.60781734,126.9132318
서울 은평구 구산동 25-57,37.6076044,126.9127031
서울 은평구 구산동 25-15,37.60812201,126.9112387
서울 은평구 구산동 24-54,37.60832336,126.9124084
서울 은평구 구산동 11-30,37.6105459,126.911306
서울 은평구 구산동 308-22,37.61752644,126.9043228
서울 은평구 구산동 308-62,37.61708312,126.9038362
서울 은평구 구산동 306,37.61742024,126.9059255
서울 은평구 구산동 309-41,37.61787402,126.9053042
서울 은평구 구산동 309-4,37.61690972,126.9058921
서울 은평구 구산동 309-2,37.61713175,126.9058138
서울 은평구 구산동 355-98,37.61529836,126.9068723
서울 은평구 구산동 317,37.6158499,126.9065896
서울 은평구 구산동 317-33,37.61366014,126.9083148
서울 은평구 구산동 340-1,37.61477692,126.9083191
서울 은평구 구산동 345-21,37.61431979,126.9082524
서울 은평구 구산동 345-10,37.61477996,126.9077237
서울 은평구 구산동 355-95,37.61467536,126.9068001
서울 은평구 구산동 355-95,37.61467536,126.9068001
서울 은평구 구산동 317-11,37.61426257,126.9066266
서울 은평구 구산동 355-5,37.61452012,126.9061226
서울 은평구 구산동 355-67,37.61384096,126.9053436
서울 은평구 구산동 382,37.61277209,126.9049747
서울 은평구 구산동 356-14,37.61363356,126.9065913
서울 은평구 구산동 382,37.61277209,126.9049747
서울 은평구 구산동 383-8,37.61209646,126.9069153
서울 은평구 구산동 368-22,37.61273728,126.9078825
서울 은평구 구산동 147-18,37.61268533,126.9085115
서울 은평구 구산동 147-3,37.61307514,126.9091537
서울 은평구 구산동 368-31,37.61329713,126.9083215
서울 은평구 구산동 368-31,37.61329713,126.9083215
서울 은평구 구산동 206-12,37.61302134,126.9096078
서울 은평구 구산동 27-13,37.61068136,126.9101719
서울 은평구 대조동 84-118,37.61353085,126.9247576
서울 은평구 대조동 91-103,37.61303635,126.9237072
서울 은평구 대조동 92-11,37.61332605,126.9230735
서울 은평구 대조동 190-22,37.61358886,126.9225122
서울 은평구 대조동 208-35,37.61406785,126.9221292
서울 은평구 대조동 208-8,37.61370624,126.9220662
서울 은평구 대조동 91-118,37.6129622,126.9223314
서울 은평구 대조동 91-13,37.61233092,126.9229433
서울 은평구 대조동 169-1,37.61241134,126.9215178
서울 은평구 대조동 89-4,37.61223406,126.9219863
서울 은평구 역촌동 56-30,37.60549216,126.9123908
서울 은평구 대조동 171-40,37.61098983,126.9209521
서울 은평구 대조동 172-65,37.60960685,126.9210055
서울 은평구 대조동 49-49,37.61018772,126.9199454
서울 은평구 대조동 49-44,37.61050078,126.9203001
서울 은평구 대조동 48-21,37.61117555,126.9197922
서울 은평구 대조동 50-26,37.61136974,126.920227
서울 은평구 대조동 49-12,37.61069818,126.9197513
서울 은평구 대조동 48-98,37.61078519,126.9189183
서울 은평구 대조동 48-107,37.61123396,126.9191661
서울 은평구 대조동 43-6,37.60770986,126.9236825
서울 은평구 대조동 212-39,37.6126507,126.9182854
서울 은평구 대조동 84-84,37.61249924,126.9259351
서울 은평구 대조동 213-12,37.61374827,126.9191795
서울 은평구 대조동 214-34,37.61369426,126.919919
서울 은평구 대조동 210-5,37.6129687,126.9203321
서울 은평구 대조동 46-36,37.6121784,126.9201362
서울 은평구 대조동 212-10,37.61301899,126.9186257
서울 은평구 대조동 210-9,37.61332242,126.9209863
서울 은평구 대조동 208-40,37.61383512,126.9215848
서울 은평구 대조동 208-39,37.6139583,126.9214669
서울 은평구 대조동 205-37,37.61482097,126.9208841
서울 은평구 대조동 215-6,37.61462393,126.9202299
서울 은평구 대조동 172-9,37.61017405,126.9214526
서울 은평구 대조동 200-17,37.61614636,126.9198725
서울 은평구 대조동 220-20,37.61437867,126.9183702
서울 은평구 대조동 219-34,37.61522122,126.9186839
서울 은평구 대조동 195-17,37.61661728,126.9214472
서울 은평구 대조동 199-13,37.61675558,126.9196962
서울 은평구 대조동 198-24,37.61739609,126.9201019
서울 은평구 대조동 197-6,37.61761752,126.9207182
서울 은평구 대조동 195-10,37.61671201,126.9221774
서울 은평구 대조동 194-3,37.61635595,126.9226105
서울 은평구 대조동 194-18,37.616102,126.9223854
서울 은평구 대조동 193-26,37.61563292,126.9223555
서울 은평구 대조동 193-30,37.61547338,126.9219844
서울 은평구 대조동 203-31,37.61575959,126.9215189
서울 은평구 대조동 91-64,37.61205885,126.9227248
서울 은평구 대조동 49-1,37.61087236,126.9204544
서울 은평구 대조동 190-57,37.61496524,126.9247781
서울 은평구 대조동 4-8,37.61160754,126.9279746
서울 은평구 대조동 6-42,37.61119897,126.9277321
서울 은평구 대조동 15-52,37.6091753,126.930199
서울 은평구 대조동 15-114,37.60876123,126.9290231
서울 은평구 대조동 39-1,37.60869372,126.9254766
서울 은평구 대조동 38-10,37.60824649,126.9250902
서울 은평구 대조동 59-77,37.60805703,126.9235753
서울 은평구 대조동 67-8,37.60878974,126.9234658
서울 은평구 대조동 66-4,37.60862801,126.9230551
서울 은평구 대조동 64-6,37.60843496,126.9225482
서울 은평구 대조동 51-26,37.60833423,126.9219965
서울 은평구 대조동 84-9,37.61402865,126.9257564
서울 은평구 대조동 3-68,37.61184728,126.9269311
서울 은평구 대조동 84-89,37.61275453,126.9259869
서울 은평구 대조동 83-5,37.61265714,126.9268653
서울 은평구 대조동 31-17,37.60994237,126.9261466
서울 은평구 대조동 25-2,37.60965025,126.927133
서울 은평구 대조동 9-19,37.61022483,126.927742
서울 은평구 대조동 79-3,37.61050573,126.9268246
서울 은평구 대조동 8-21,37.61068153,126.9274435
서울 은평구 응암동 89-36,37.60065148,126.9209089
서울 은평구 응암동 88-6,37.60071888,126.9217187
서울 은평구 응암동 87-1,37.60157636,126.923101
서울 은평구 응암동 84-27,37.60217755,126.9261406
서울 은평구 응암동 85-8,37.60192313,126.9250358
서울 은평구 응암동 85-54,37.60146319,126.9237966
서울 은평구 응암동 105-18,37.59756549,126.9214294
서울 은평구 응암동 105-13,37.59807785,126.9220657
서울 은평구 응암동 96-36,37.60038736,126.9254154
서울 은평구 응암동 96-15,37.601006,126.9261635
서울 은평구 응암동 81-156,37.60045584,126.9281787
서울 은평구 응암동 81-57,37.60088008,126.928415
서울 은평구 응암동 81-228,37.6001511,126.9288773
서울 은평구 응암동 81-148,37.59957021,126.9285498
서울 은평구 응암동 94-34,37.60051734,126.9276681
서울 은평구 응암동 81-227,37.60093763,126.9294166
서울 은평구 응암동 74-13,37.60075714,126.9302963
서울 은평구 응암동 64-21,37.60087781,126.9311113
서울 은평구 응암동 100-1,37.59934703,126.9251888
서울 은평구 응암동 97-56,37.59956198,126.9255793
서울 은평구 응암동 164-3,37.5998417,126.9262465
서울 은평구 응암동 100-5,37.59921921,126.9246741
서울 은평구 응암동 185-1,37.59846169,126.9251544
서울 은평구 응암동 101-9,37.59834028,126.924367
서울 은평구 응암동 214-9,37.59704124,126.9227159
서울 은평구 응암동 197-28,37.5973973,126.9224291
서울 은평구 응암동 105-2,37.597579,126.923061
서울 은평구 응암동 118-5,37.59699198,126.9184699
서울 은평구 응암동 118-79,37.59707164,126.9169314
서울 은평구 응암동 113-19,37.59705263,126.9166775
서울 은평구 응암동 113-3,37.59775915,126.9168809
서울 은평구 응암동 111-23,37.59896387,126.9174038
서울 은평구 응암동 111-26,37.5987621,126.9174852
서울 은평구 응암동 111-18,37.59899078,126.9181368
서울 은평구 응암동 111-57,37.59899462,126.918605
서울 은평구 응암동 116-21,37.59808715,126.9198082
서울 은평구 응암동 110-30,37.59910561,126.9201831
서울 은평구 응암동 109-7,37.5999015,126.9211885
서울 은평구 응암동 427-89,37.59441251,126.9193483
서울 은평구 응암동 107-28,37.59719255,126.9207351
서울 은평구 응암동 228-3,37.59465698,126.9241585
서울 은평구 응암동 227-39,37.59482454,126.9253953
서울 은평구 응암동 227-15,37.59592623,126.9250439
서울 은평구 응암동 237-23,37.59385811,126.9225472
서울 은평구 응암동 240-35,37.59258363,126.9211518
서울 은평구 응암동 397-282,37.59239975,126.9198272
서울 은평구 응암동 397-209,37.59134684,126.9198136
서울 은평구 응암동 376-33,37.59103023,126.9179824
서울 은평구 응암동 366-4,37.5911422,126.918459
서울 은평구 응암동 397-262,37.59241151,126.9187176
서울 은평구 응암동 337-8,37.58927476,126.9197182
서울 은평구 응암동 749-17,37.58784308,126.9195805
서울 은평구 응암동 730-20,37.58613857,126.9200856
서울 은평구 응암동 731-11,37.58552274,126.9198193
서울 은평구 응암동 733-37,37.58432873,126.9200694
서울 은평구 응암동 270-65,37.58392675,126.9204029
서울 은평구 응암동 250-43,37.58339951,126.9205609
서울 은평구 응암동 755-39,37.58407044,126.9215876
서울 은평구 응암동 733-60,37.5841764,126.9210467
서울 은평구 응암동 731-55,37.58481301,126.9195256
서울 은평구 응암동 696-11,37.58526579,126.9167228
서울 은평구 응암동 743-4,37.58391749,126.9168929
서울 은평구 응암동 733-49,37.58365108,126.9193912
서울 은평구 응암동 749-51,37.58792089,126.9183405
서울 은평구 응암동 593-21,37.58707997,126.9137536
서울 은평구 응암동 593-12,37.58699191,126.914074
서울 은평구 응암동 592-29,37.58844997,126.9148059
서울 은평구 응암동 586-20,37.59107928,126.9147181
서울 은평구 응암동 589-32,37.59072496,126.9157859
서울 은평구 응암동 577-72,37.59177289,126.9170334
서울 은평구 응암동 577-66,37.59187752,126.9166935
서울 은평구 응암동 578-66,37.59286719,126.916974
서울 은평구 응암동 580-10,37.59276299,126.9151375
서울 은평구 응암동 580-7,37.59298584,126.9153088
서울 은평구 응암동 123-29,37.59498831,126.9158333
서울 은평구 응암동 126-45,37.59462605,126.9168911
서울 은평구 응암동 119-29,37.59531463,126.9178527
서울 은평구 응암동 121-1,37.5966755,126.9173522
서울 은평구 응암동 120-33,37.59559534,126.9172864
서울 은평구 응암동 121-32,37.59541727,126.9168572
서울 은평구 응암동 122-32,37.59562679,126.9157585
서울 은평구 응암동 122-22,37.5959254,126.9160447
서울 은평구 응암동 122-10,37.59649065,126.9160032
서울 은평구 역촌동 60-54,37.60497115,126.912923
서울 은평구 역촌동 57-30,37.60489777,126.9116525
서울 은평구 역촌동 57-24,37.60449058,126.9113742
서울 은평구 역촌동 57-19,37.60451828,126.9120258
서울 은평구 역촌동 61-54,37.60448161,126.9139733
서울 은평구 역촌동 51-73,37.60571264,126.9109568
서울 은평구 역촌동 64-58,37.60353699,126.9143198
서울 은평구 역촌동 64-63,37.60352115,126.9134852
서울 은평구 역촌동 65-39,37.60312316,126.9132032
서울 은평구 역촌동 68-15,37.60322963,126.9125576
서울 은평구 역촌동 67-41,37.6033543,126.9120369
서울 은평구 역촌동 69-1,37.60365434,126.9110871
서울 은평구 역촌동 63-61,37.60285912,126.9149914
서울 은평구 역촌동 66-57,37.60246622,126.9145185
서울 은평구 역촌동 65-29,37.60295565,126.9133046
서울 은평구 역촌동 84-5,37.60097077,126.9145421
서울 은평구 역촌동 85-50,37.59932692,126.9150522
서울 은평구 역촌동 44-23,37.60040777,126.9164677
서울 은평구 역촌동 36-20,37.60130278,126.9162888
서울 은평구 역촌동 66-50,37.60240361,126.9141676
서울 은평구 역촌동 82-2,37.60210212,126.9136436
서울 은평구 역촌동 80-40,37.60176973,126.9115608
서울 은평구 역촌동 79-18,37.60252842,126.9110368
서울 은평구 역촌동 226-3,37.60452674,126.9062754
서울 은평구 역촌동 219-8,37.60480848,126.9068447
서울 은평구 역촌동 74-15,37.60432506,126.9082884
서울 은평구 역촌동 73-20,37.60484763,126.9089791
서울 은평구 역촌동 72-41,37.60477073,126.9096234
서울 은평구 역촌동 73-20,37.60484763,126.9089791
서울 은평구 역촌동 52-35,37.60663402,126.9099256
서울 은평구 역촌동 53-12,37.60717342,126.9097709
서울 은평구 역촌동 52-11,37.60691349,126.9104871
서울 은평구 역촌동 59-18,37.60551185,126.9134256
서울 은평구 역촌동 22-62,37.60426164,126.9159308
서울 은평구 역촌동 22-63,37.60504812,126.9158109
서울 은평구 역촌동 19-52,37.60611642,126.9184931
서울 은평구 역촌동 19-8,37.60672369,126.9191511
서울 은평구 역촌동 3-12,37.60732723,126.9192438
서울 은평구 역촌동 17-19,37.60544204,126.9221243
서울 은평구 역촌동 28-8,37.60380116,126.9213126
서울 은평구 역촌동 31-28,37.60281571,126.9193761
서울 은평구 역촌동 40-51,37.60271949,126.9207238
서울 은평구 역촌동 41-36,37.60174315,126.920014
서울 은평구 역촌동 41-42,37.60170948,126.919658
서울 은평구 역촌동 42-40,37.6012818,126.9199471
서울 은평구 역촌동 42-8,37.6007748,126.9192746
서울 은평구 역촌동 43-51,37.60009735,126.9171987
서울 은평구 역촌동 43-34,37.60080111,126.9173191
서울 은평구 역촌동 36-16,37.60094357,126.9168244
서울 은평구 역촌동 36-16,37.60094357,126.9168244
서울 은평구 역촌동 42-25,37.60135323,126.9188691
서울 은평구 역촌동 37-12,37.60211511,126.9175777
서울 은평구 역촌동 35-51,37.60383801,126.916461
서울 은평구 역촌동 33-23,37.60359461,126.9170367
서울 은평구 역촌동 33-4,37.60356471,126.9178271
서울 은평구 역촌동 30-20,37.60371874,126.9188033
서울 은평구 역촌동 25-4,37.60549911,126.9205558
서울 은평구 역촌동 17-31,37.60594704,126.921702
서울 은평구 역촌동 16-26,37.60654298,126.9218724
서울 은평구 역촌동 27-35,37.60518057,126.921432
서울 은평구 역촌동 27-52,37.60433633,126.9210028
서울 은평구 역촌동 25-123,37.6045241,126.9194115
서울 은평구 역촌동 29-57,37.60414924,126.9185589
서울 은평구 역촌동 22-24,37.60492758,126.9163352
서울 은평구 역촌동 20-36,37.60549622,126.9168814
서울 은평구 역촌동 19-3,37.60676559,126.9198187
서울 은평구 역촌동 10-55,37.60617651,126.9175857
서울 은평구 역촌동 10-83,37.60616628,126.9169973
서울 은평구 역촌동 10-48,37.60660724,126.9163813
서울 은평구 역촌동 8-50,37.60751317,126.9161063
서울 은평구 역촌동 11-53,37.60735744,126.9164342
서울 은평구 역촌동 8-24,37.60843612,126.9162064
서울 은평구 역촌동 12-3,37.60837054,126.9172458
서울 은평구 역촌동 6-20,37.60884317,126.9174498
서울 은평구 역촌동 2-17,37.60983552,126.9191491
서울 은평구 역촌동 2-58,37.60831404,126.9199761
서울 은평구 역촌동 3-28,37.60821675,126.9194607
서울 은평구 역촌동 12-17,37.60811304,126.9175075
서울 은평구 역촌동 11-10,37.60728374,126.9174606
서울 은평구 역촌동 11-56,37.6069469,126.916494
서울 은평구 역촌동 7-35,37.60928931,126.9170255
서울 은평구 역촌동 7-5,37.6098424,126.9175061
서울 은평구 역촌동 73-8,37.60271407,126.9095513
서울 은평구 역촌동 71-5,37.60490327,126.9092768
서울 은평구 역촌동 71-5,37.60490327,126.9092768
서울 은평구 역촌동 221,37.60291976,126.9065383
서울 은평구 역촌동 50-45,37.60639601,126.9115095
서울 은평구 역촌동 50-34,37.6065726,126.9121057
서울 은평구 역촌동 51-2,37.60607251,126.9124147
서울 은평구 역촌동 48-27,37.60633468,126.9133705
서울 은평구 역촌동 48-35,37.60608882,126.9135156
서울 은평구 역촌동 47-1,37.60691673,126.9142524
서울 은평구 역촌동 50-11,37.60683315,126.9119685
서울 은평구 역촌동 82-29,37.60118628,126.9134184
서울 은평구 신사동 17-19,37.5979223,126.9099817
서울 은평구 신사동 19-147,37.59733555,126.909247
서울 은평구 신사동 14-33,37.59937085,126.9088419
서울 은평구 신사동 14-33,37.59937085,126.9088419
서울 은평구 신사동 10-25,37.60175151,126.9095021
서울 은평구 신사동 364,37.60171311,126.9084335
서울 은평구 신사동 261-12,37.60118861,126.9072321
서울 은평구 신사동 271-3,37.60069195,126.9074249
서울 은평구 신사동 261-20,37.60154319,126.9066035
서울 은평구 신사동 270-44,37.60074328,126.9063669
서울 은평구 신사동 262-8,37.60165801,126.905857
서울 은평구 신사동 287-9,37.60061313,126.9054022
서울 은평구 신사동 277-3,37.59956209,126.9065933
서울 은평구 신사동 277-3,37.59956209,126.9065933
서울 은평구 신사동 18-42,37.59894365,126.9082086
서울 은평구 신사동 5-21,37.59895477,126.9113251
서울 은평구 신사동 5-11,37.59918434,126.9122804
서울 은평구 신사동 6-35,37.59981999,126.9116835
서울 은평구 신사동 1-1,37.60162558,126.9112006
서울 은평구 신사동 1-19,37.60075686,126.9121924
서울 은평구 신사동 3-3,37.59907145,126.9132644
서울 은평구 신사동 1-63,37.59954287,126.9135442
서울 은평구 신사동 1-155,37.59996561,126.9139002
서울 은평구 신사동 2-17,37.59899645,126.9145738
서울 은평구 신사동 4-7,37.59849475,126.9120788
서울 은평구 신사동 4-12,37.5980843,126.911054
서울 은평구 신사동 27-29,37.59597623,126.9116203
서울 은평구 신사동 29-23,37.59756304,126.9102939
서울 은평구 신사동 26-30,37.59741554,126.9127965
서울 은평구 신사동 22-17,37.59752773,126.9140531
서울 은평구 신사동 22-15,37.59880745,126.9144819
서울 은평구 신사동 24-1,37.59713011,126.9149039
서울 은평구 신사동 363,37.59622083,126.9146556
서울 은평구 신사동 34-8,37.59464154,126.9142416
서울 은평구 신사동 35-18,37.59339764,126.9138862
서울 은평구 신사동 36-40,37.59385851,126.9129098
서울 은평구 신사동 38-10,37.59458244,126.9115599
서울 은평구 신사동 33-10,37.59496911,126.9130918
서울 은평구 신사동 25-29,37.59653013,126.9134044
서울 은평구 신사동 337-1,37.59156938,126.9134279
서울 은평구 신사동 338-1,37.59020068,126.9129385
서울 은평구 신사동 338-1,37.59020068,126.9129385
서울 은평구 신사동 29-153,37.59737117,126.9102251
서울 은평구 신사동 235-1,37.59691512,126.907001
서울 은평구 신사동 241-10,37.59736121,126.9065678
서울 은평구 신사동 237-32,37.59715988,126.904359
서울 은평구 신사동 237-70,37.59722417,126.9058815
서울 은평구 신사동 237-409,37.59449885,126.9061114
서울 은평구 신사동 209-8,37.59518355,126.9060371
서울 은평구 신사동 209-14,37.59534305,126.9061772
서울 은평구 신사동 233-14,37.59559284,126.9069089
서울 은평구 신사동 222-10,37.59558583,126.9082047
서울 은평구 신사동 200-32,37.5944596,126.9080888
서울 은평구 신사동 200-5,37.59447452,126.9075845
서울 은평구 신사동 200-131,37.59421202,126.907423
서울 은평구 신사동 237-446,37.59405834,126.9063088
서울 은평구 신사동 200-28,37.59451169,126.9084631
서울 은평구 신사동 200-56,37.59486289,126.9102098
서울 은평구 신사동 200-140,37.59435238,126.909492
서울 은평구 신사동 200-18,37.59498109,126.9100724
서울 은평구 신사동 200-76,37.59526953,126.9088296
서울 은평구 신사동 40-26,37.59545316,126.9093051
서울 은평구 신사동 40-7,37.59542889,126.9097284
서울 은평구 신사동 200-18,37.59498109,126.9100724
서울 은평구 신사동 39-12,37.59388025,126.9119737
서울 은평구 신사동 191-36,37.59215934,126.905438
서울 은평구 신사동 300-9,37.59221375,126.9036363
서울 은평구 신사동 300-90,37.59238107,126.9025474
서울 은평구 신사동 300-101,37.59261589,126.9018153
서울 은평구 신사동 300-136,37.5921496,126.9026509
서울 은평구 신사동 300-23,37.59164741,126.9033378
서울 은평구 신사동 189-1,37.59156516,126.9045735
서울 은평구 신사동 190-10,37.59196194,126.9044395
서울 은평구 신사동 190-6,37.59193881,126.9046907
서울 은평구 신사동 180-4,37.59191568,126.9059638
서울 은평구 신사동 163-3,37.59097376,126.9048102
서울 은평구 신사동 157-1,37.59058046,126.9047807
서울 은평구 신사동 161-2,37.59064664,126.9051832
서울 은평구 신사동 171-1,37.59117074,126.9083603
서울 은평구 신사동 171-64,37.59099087,126.9079712
서울 은평구 신사동 346-3,37.5907849,126.9089073
서울 은평구 신사동 342-48,37.5900878,126.9106594
서울 은평구 신사동 350-24,37.59055907,126.9122907
서울 은평구 신사동 350-28,37.59067161,126.9121783
서울 은평구 신사동 350-34,37.5912393,126.9123978
서울 은평구 신사동 336-25,37.59180776,126.9130375
서울 은평구 신사동 98-26,37.59221275,126.9127796
서울 은평구 신사동 341-47,37.59028299,126.9114258
서울 은평구 증산동 157-34,37.58842593,126.9111528
서울 은평구 증산동 2-8,37.58826008,126.9104672
서울 은평구 증산동 243-6,37.58819121,126.9099574
서울 은평구 증산동 201-17,37.58742972,126.9090532
서울 은평구 증산동 243-1,37.58788158,126.9094207
서울 은평구 증산동 195-9,37.58791674,126.910388
서울 은평구 증산동 193-39,37.5875071,126.9105653
서울 은평구 증산동 193-15,37.5872207,126.9110735
서울 은평구 증산동 192-34,37.58634604,126.909088
서울 은평구 증산동 192-48,37.58658699,126.9095989
서울 은평구 증산동 192-45,37.58682478,126.9092636
서울 은평구 증산동 200-18,37.58749891,126.9084653
서울 은평구 증산동 131-149,37.58822472,126.9080698
서울 은평구 증산동 202-11,37.58632475,126.9075558
서울 은평구 증산동 200-26,37.58677499,126.9077935
서울 은평구 증산동 192-35,37.58627382,126.9090241
서울 은평구 증산동 189-1,37.58571196,126.9084477
서울 은평구 증산동 245,37.58761237,126.9113231
서울 은평구 증산동 174-18,37.58193063,126.9067807
서울 은평구 증산동 177-20,37.58117951,126.9060337
서울 은평구 증산동 174-14,37.58248404,126.90737
서울 은평구 증산동 172-35,37.58317009,126.9076503
서울 은평구 증산동 188-21,37.58451463,126.9080913
서울 은평구 증산동 170-2,37.58445274,126.9086902
서울 은평구 증산동 160-16,37.58767517,126.9124139
서울 은평구 증산동 221-9,37.57868801,126.9029292
서울 은평구 증산동 174-5,37.58197406,126.9072367
서울 은평구 증산동 169-20,37.58422753,126.9090852
서울 은평구 증산동 176-4,37.58150556,126.9058907
서울 은평구 증산동 175-17,37.58261062,126.9067858
서울 은평구 증산동 193-1,37.58763457,126.9095908
서울 은평구 증산동 200-18,37.58749891,126.9084653
서울 은평구 증산동 192-34,37.58634604,126.909088
서울 은평구 증산동 189-1,37.58571196,126.9084477
서울 은평구 증산동 205-1,37.58616804,126.9073979
서울 은평구 증산동 204-46,37.58501036,126.9055848
서울 은평구 증산동 73-11,37.58465954,126.9048308
서울 은평구 증산동 204-51,37.58477042,126.9051288
서울 은평구 증산동 255,37.58409465,126.9061188
서울 은평구 증산동 255,37.58409465,126.9061188
서울 은평구 증산동 205-33,37.5854597,126.9069667
서울 은평구 증산동 189-18,37.58529283,126.908001
서울 은평구 증산동 187-16,37.58450804,126.90704
서울 은평구 증산동 208-2,37.58387567,126.9058385
서울 은평구 증산동 208-33,37.5828261,126.9048271
서울 은평구 증산동 208-15,37.58341481,126.9051632
서울 은평구 증산동 208-13,37.5834943,126.9053061
서울 은평구 증산동 209-2,37.58345252,126.9060111
서울 은평구 증산동 175-10,37.582818,126.9068737
서울 은평구 수색동 411-3,37.5861743,126.8894416
서울 은평구 수색동 321-8,37.58630494,126.8895339
서울 은평구 수색동 317-6,37.58651736,126.8888322
서울 은평구 수색동 310-4,37.58696459,126.8887993
서울 은평구 수색동 317-1,37.58627191,126.8885162
서울 은평구 수색동 314-2,37.58729192,126.8876596
서울 은평구 대조동 79-3,37.61050573,126.9268246
서울 은평구 대조동 8-21,37.61068153,126.9274435